texture,perimeter,smoothness,concavity,symmetry,fractal dimension
16.67,98.64,0.1162,0.169,0.2157,0.06768
17.89,103.6,0.0971,0.09954,0.1842,0.06082
30.96,139.8,0.1528,0.3977,0.2293,0.06091
2.635,4.091,0.01004,0.04763,0.01715,0.005528
1.002,2.406,0.005731,0.03553,0.02143,0.003749
18.9,129.5,0.115,0.2197,0.1792,0.06552
14.86,104.3,0.09495,0.055,0.1735,0.05875
0.9197,3.008,0.005776,0.03695,0.02789,0.002665
1.633,6.146,0.006717,0.04638,0.02747,0.005838
1.025,1.74,0.004854,0.01826,0.01386,0.002304
1.974,1.954,0.006538,0.01376,0.03416,0.002928
25.47,89,0.1287,0.2216,0.2226,0.08486
10.94,87.91,0.1291,0.06877,0.2403,0.06641
0.857,1.928,0.003818,0.02882,0.0191,0.002808
19.68,78.78,0.1345,0.1797,0.2329,0.08134
18.45,63.3,0.1641,0.1754,0.2983,0.1049
22.94,78.28,0.1213,0.1916,0.294,0.07587
33.39,114.6,0.1648,0.3024,0.3321,0.08911
20.52,88.64,0.1106,0.1445,0.2116,0.07325
18.24,75.71,0.08261,0.01972,0.1868,0.0611
25.8,195,0.1294,0.4756,0.2741,0.08574
25.07,146,0.1665,0.5308,0.3032,0.08075
23.58,100.3,0.1157,0.08115,0.2364,0.07182
31.69,117.7,0.1389,0.2712,0.2675,0.07873
22.22,82.01,0.06251,0.001595,0.1395,0.05234
24.59,122,0.09029,0.1468,0.1953,0.05629
17.07,73.7,0.07561,0.008306,0.1671,0.05731
31.59,156.1,0.119,0.4098,0.3689,0.08368
21.57,85.24,0.08582,0.03344,0.1815,0.05696
19.62,91.12,0.106,0.1126,0.1669,0.06544
1.621,2.24,0.006543,0.02991,0.01844,0.00269
15.45,75.03,0.115,0.04006,0.2009,0.06506
0.7339,3.398,0.005225,0.0186,0.01389,0.003532
1.385,2.177,0.004775,0.01947,0.0187,0.002626
24.81,128.3,0.09081,0.2107,0.231,0.06343
0.7712,1.689,0.005324,0.0151,0.02104,0.001887
23.21,100.4,0.1044,0.1697,0.1737,0.06672
1.13,2.388,0.01546,0.02197,0.03997,0.003901
19.76,95.5,0.08421,0.01947,0.1515,0.05266
23.94,97.4,0.1172,0.1267,0.1953,0.06654
23.31,74.22,0.1219,0.07987,0.2826,0.07552
49.54,126.3,0.1883,0.5703,0.3512,0.1204
23.13,95.23,0.1427,0.3206,0.2819,0.1118
26.3,130.7,0.1168,0.2318,0.281,0.07228
1.922,2.747,0.00468,0.05774,0.0256,0.004613
15.04,78.61,0.07926,0.01053,0.1546,0.05754
24.39,73.07,0.1301,0.3486,0.2614,0.1162
1.46,2.204,0.01,0.04861,0.02187,0.006005
18.32,94.94,0.1393,0.1848,0.3227,0.09326
1.232,1.657,0.006054,0.005681,0.01215,0.001514
1.571,1.183,0.00508,0.01069,0.01447,0.001532
17.84,86.24,0.07948,0.01997,0.1573,0.0552
25.13,82.61,0.08369,0.01206,0.1667,0.05449
22.61,93.6,0.1131,0.2128,0.2069,0.07682
1.493,1.497,0.007189,0.01081,0.02158,0.002619
17.07,63.34,0.1179,0.1544,0.1652,0.07722
26.39,174.9,0.1438,0.681,0.3643,0.09223
27.95,102.8,0.1786,0.5006,0.39,0.1179
17.91,88.12,0.07944,0.02881,0.1473,0.0558
1.189,3.767,0.00502,0.03457,0.01298,0.002887
1.486,2.108,0.01039,0.006416,0.02869,0.004821
23.77,88.54,0.08043,0.04697,0.1773,0.05429
1.907,3.149,0.006587,0.01737,0.01835,0.002318
1.879,2.121,0.01094,0.03996,0.03759,0.004623
19.65,104.1,0.09168,0.09769,0.1798,0.05391
12.96,68.69,0.07515,0.00309,0.1442,0.05743
22.72,78.75,0.06935,0.07943,0.1203,0.06659
18.87,118.7,0.09746,0.113,0.1807,0.05664
21.59,86.57,0.1526,0.149,0.2804,0.08024
23.05,122.1,0.1377,0.5897,0.3318,0.09136
1.285,1.535,0.005608,0.01529,0.01909,0.002133
0.8561,3.002,0.00486,0.02602,0.01226,0.002759
19.54,82.67,0.09136,0.01797,0.1861,0.06347
0.8423,2.304,0.004123,0.01996,0.01055,0.003237
17.67,80.98,0.07896,0.01402,0.1459,0.05544
0.9489,2.989,0.006985,0.03011,0.01602,0.003884
30.72,86.34,0.09245,0.02819,0.1375,0.06016
21.26,72.48,0.08759,0.05133,0.1487,0.06529
0.4966,2.276,0.004119,0.03644,0.01391,0.003204
13.44,77.83,0.11,0.03781,0.1657,0.06608
1.041,3.705,0.00582,0.04252,0.01527,0.006299
18.77,108.8,0.1066,0.1948,0.1876,0.06684
21.57,81.41,0.1327,0.2939,0.302,0.09646
1.41,7.337,0.006174,0.04644,0.01145,0.00512
10.89,94.28,0.1101,0.08842,0.1856,0.06402
1.073,3.854,0.007026,0.03188,0.01689,0.004142
27.21,85.09,0.1426,0.1164,0.3075,0.07351
18.7,77.93,0.1109,0.1218,0.2301,0.07799
0.6594,2.346,0.006494,0.03137,0.01731,0.004392
14.83,70.31,0.07741,0.02712,0.1535,0.06214
0.7693,2.597,0.00591,0.007066,0.02223,0.002378
21.68,59.75,0.07969,0.03735,0.1274,0.06724
21,111.8,0.1119,0.1508,0.1727,0.06071
16.91,87.38,0.1142,0.145,0.2432,0.1009
0.9173,2.464,0.004563,0.03872,0.01388,0.004081
29.41,179.1,0.1407,0.6599,0.2929,0.09873
18.16,73.59,0.08853,0.03344,0.1411,0.06243
0.8339,2.097,0.004675,0.01603,0.01095,0.001629
22.76,100.2,0.092,0.1122,0.1717,0.06097
1.978,2.158,0.01288,0.01865,0.0156,0.005824
0.9195,1.83,0.004235,0.01457,0.01528,0.001593
12.44,60.34,0.1024,0.02956,0.1815,0.06905
0.6575,4.119,0.006211,0.02681,0.01276,0.001711
0.8568,2.193,0.004757,0.02332,0.01394,0.002362
25.63,99.43,0.1425,0.1935,0.2849,0.09031
36.33,117.7,0.1732,0.5911,0.3013,0.1067
32.29,107.4,0.106,0.1611,0.2722,0.06956
1.905,2.877,0.01574,0.08099,0.03418,0.006517
15.67,61.5,0.09037,0.01103,0.2081,0.06312
16.94,94.89,0.08924,0.03346,0.1573,0.05703
0.7706,2.677,0.004577,0.0384,0.01873,0.003373
17.27,62.92,0.1089,0.01756,0.1934,0.06285
1.154,2.554,0.008998,0.01851,0.02152,0.003213
16.07,87.84,0.08302,0.02556,0.1872,0.05669
27.01,91.63,0.09402,0.1838,0.2488,0.08151
33.47,111.8,0.1851,0.4024,0.3383,0.1031
20.31,101.2,0.09597,0.06593,0.1618,0.05549
14.82,72.42,0.09312,0.02884,0.2143,0.06643
33.22,121.2,0.166,0.4029,0.2654,0.09438
2.011,1.66,0.01052,0.01714,0.02279,0.004237
14.76,84.74,0.07355,0.03261,0.1386,0.05318
14.06,87.32,0.1071,0.05786,0.1779,0.06639
1.202,3.766,0.006001,0.02855,0.01492,0.002205
1.023,0.9887,0.01027,0.02613,0.02277,0.00589
1.014,2.652,0.0134,0.01162,0.02572,0.006164
17.64,87.76,0.0995,0.04548,0.1732,0.06088
0.4607,1.103,0.00604,0.01514,0.01344,0.002206
25.58,82.76,0.1363,0.1412,0.2251,0.07732
25.45,117.2,0.1338,0.1663,0.2394,0.06469
16.17,83.18,0.09879,0.03296,0.1735,0.062
2.324,2.105,0.006307,0.0385,0.01185,0.003589
21.97,123.7,0.1018,0.1594,0.1943,0.06132
16.17,75.49,0.1128,0.04279,0.1853,0.06401
17.16,82.96,0.1431,0.1922,0.2772,0.08756
32.85,220.8,0.1472,0.534,0.2856,0.08082
30.39,153.9,0.1514,0.5936,0.3266,0.09009
18.8,109.3,0.08865,0.08422,0.1893,0.05534
1.563,2.087,0.008872,0.05946,0.02793,0.004775
1.288,5.353,0.007997,0.03737,0.02897,0.003996
18.14,75,0.09968,0.02685,0.1619,0.06287
1.528,2.974,0.00968,0.03476,0.02434,0.006995
1.057,2.829,0.004351,0.03371,0.02598,0.003087
1.178,2.927,0.007781,0.02973,0.01635,0.003601
27.26,139.9,0.1338,0.3446,0.2341,0.07421
1.187,2.466,0.004029,0.01101,0.0146,0.003042
22.44,71.49,0.09566,0.04824,0.203,0.06552
19.97,102.4,0.116,0.1891,0.1929,0.06744
21.9,82.04,0.1352,0.2596,0.2941,0.0918
0.5391,1.475,0.006153,0.01693,0.01651,0.002551
15.91,60.21,0.08464,0.01652,0.1551,0.06403
1.924,2.287,0.005841,0.007936,0.01564,0.002985
16.32,81.25,0.1158,0.05928,0.1943,0.06612
19.85,108.6,0.1316,0.3103,0.2691,0.07683
27.28,136.5,0.1396,0.3965,0.3792,0.1048
1.321,4.722,0.005539,0.02664,0.01332,0.002256
1.802,4.037,0.01061,0.03915,0.02186,0.003949
0.6999,7.561,0.003978,0.03576,0.01518,0.003796
15.65,73.23,0.1343,0.08615,0.2937,0.07722
27.26,112.1,0.1153,0.2512,0.2534,0.07858
0.873,2.117,0.006715,0.04757,0.01838,0.006884
1.352,8.867,0.005687,0.06329,0.01924,0.004614
19.86,71.94,0.1054,0.005006,0.194,0.06028
30.88,123.4,0.1464,0.2914,0.3029,0.08216
39.34,101.7,0.1785,0.4425,0.3215,0.1205
30.36,84.48,0.1311,0.1609,0.2599,0.08251
21.33,83.67,0.1144,0.09203,0.2785,0.07408
12.39,78.85,0.1028,0.03987,0.1959,0.05955
10.91,76.14,0.08872,0.02606,0.1601,0.05541
23.24,102.7,0.08206,0.03299,0.1528,0.05697
17.77,132.9,0.08474,0.0869,0.1812,0.05667
0.3621,1.974,0.005472,0.02039,0.01523,0.002881
16.15,120.2,0.1065,0.1684,0.2152,0.06673
1.666,8.83,0.006548,0.09723,0.05333,0.007646
0.6124,1.036,0.004394,0.01451,0.01291,0.002074
23.04,137.2,0.09428,0.1097,0.1769,0.05278
27.54,96.73,0.1139,0.1639,0.2303,0.07077
26.84,71.98,0.1402,0.1055,0.2894,0.07664
17.21,88.44,0.08785,0.0142,0.1614,0.0589
0.8135,3.369,0.004929,0.07683,0.01526,0.008133
26.06,143.4,0.1309,0.2544,0.3251,0.07625
23.53,95.78,0.1199,0.1742,0.2518,0.0696
24.9,87.78,0.1377,0.2267,0.3379,0.07924
42.79,128.7,0.1417,1.17,0.4089,0.1409
0.8749,3.466,0.006965,0.07926,0.01499,0.005784
26.27,186.9,0.1084,0.3635,0.2061,0.05623
18.47,188.5,0.1142,0.3201,0.1648,0.05525
23.73,107,0.08949,0.6783,0.2398,0.1082
0.8265,1.572,0.00328,0.0139,0.0138,0.001286
18.61,72.76,0.1049,0.04302,0.1927,0.06211
1.147,3.142,0.006003,0.02151,0.0152,0.001868
24.17,85.13,0.1402,0.3535,0.2709,0.08839
20.38,77.58,0.1425,0.2414,0.2597,0.09744
19.98,120.9,0.08923,0.0802,0.155,0.04996
0.6612,1.996,0.00647,0.0181,0.01898,0.001794
16.95,85.48,0.07937,0.02181,0.165,0.05701
23.98,112.8,0.1197,0.2417,0.2248,0.06382
1.457,2.961,0.01056,0.05839,0.04022,0.006187
27.81,134.4,0.09159,0.1554,0.1448,0.05592
33.17,100.2,0.1241,0.1326,0.225,0.08321
12.22,65.75,0.09996,0.01923,0.18,0.06569
20.43,109.7,0.1135,0.1856,0.2177,0.08549
36.27,178.6,0.1281,0.4251,0.2818,0.1005
18.42,82.61,0.08983,0.02562,0.1467,0.05863
30.86,109.5,0.1431,0.3194,0.2718,0.09353
0.895,1.804,0.00398,0.03669,0.01581,0.003956
1.247,3.267,0.006836,0.02348,0.01942,0.002713
17.5,97.9,0.1072,0.03517,0.1859,0.0681
27.87,88.83,0.1208,0.162,0.2406,0.07729
20.76,82.15,0.09933,0.1065,0.1735,0.0707
1.342,1.517,0.009719,0.007975,0.0221,0.002472
1.53,4.369,0.007548,0.03914,0.02168,0.004445
2.06,3.479,0.003443,0.03056,0.0152,0.001519
0.9938,1.143,0.005133,0.01434,0.01501,0.001588
16.33,87.76,0.09277,0.01752,0.1631,0.06155
26.36,139.2,0.1234,0.3538,0.3206,0.06938
19.59,86.65,0.1096,0.1423,0.2482,0.06306
1.217,1.641,0.007899,0.008534,0.02637,0.003761
22.68,96.39,0.08473,0.1029,0.1454,0.06147
1.033,2.587,0.005043,0.02117,0.01282,0.001892
1.186,6.487,0.006804,0.03446,0.01897,0.004045
22.82,76.51,0.1143,0.603,0.2597,0.12
16.84,51.71,0.086,0.01588,0.1769,0.06503
0.8554,4.106,0.005038,0.01946,0.02294,0.002581
2.426,2.15,0.009861,0.04275,0.02475,0.002128
20.2,107.1,0.07497,0.03649,0.1846,0.05325
16.34,87.21,0.07685,0.01857,0.1353,0.05953
31.56,67.03,0.1548,0.09412,0.2878,0.09211
1.426,2.281,0.005427,0.04649,0.05628,0.004635
0.7452,9.635,0.005753,0.03976,0.02201,0.002897
1.238,1.234,0.007595,0.01412,0.01792,0.001784
2.11,2.112,0.00797,0.1166,0.05113,0.01172
21.4,86.67,0.158,0.1889,0.3155,0.07538
25.62,70.88,0.1234,0.1277,0.3174,0.08524
1.409,1.75,0.0138,0.008347,0.01798,0.004261
38.54,145.4,0.1401,0.6399,0.2972,0.09075
17.7,105,0.1254,0.7727,0.2639,0.1178
1.033,2.879,0.005607,0.04741,0.01857,0.005466
31.67,115.9,0.1084,0.226,0.2683,0.06829
28.01,100.9,0.1118,0.04753,0.2513,0.06911
0.8249,2.427,0.005072,0.02185,0.01719,0.003317
30.36,116.2,0.1446,0.5186,0.3591,0.1014
1.433,2.765,0.005444,0.01622,0.01419,0.002751
24.37,99.31,0.1456,0.1246,0.2582,0.08893
0.7294,1.848,0.005488,0.02322,0.01428,0.002422
13.86,59.2,0.07721,0.05988,0.2341,0.06963
18.6,81.09,0.09965,0.08005,0.1925,0.06373
22.99,74.32,0.1419,0.08434,0.2502,0.09209
1.044,2.497,0.006953,0.02701,0.01782,0.003586
18.83,73.3,0.1216,0.1689,0.2196,0.0795
17.72,78.07,0.1029,0.04783,0.1937,0.06161
1.048,4.792,0.004057,0.04029,0.01686,0.003318
13.98,98.22,0.1031,0.145,0.2086,0.07406
18.61,66.86,0.1068,0.02297,0.1482,0.066
0.9429,1.429,0.005954,0.05028,0.0175,0.004031
0.5417,1.101,0.005212,0.02443,0.01818,0.004868
32.94,106,0.1794,0.3381,0.3651,0.1183
23.23,87.19,0.09246,0.02974,0.1664,0.05801
23.31,69.35,0.09794,0.03986,0.2699,0.06736
16.02,83.14,0.1005,0.06155,0.173,0.0647
25.11,124.8,0.1064,0.2319,0.2183,0.06197
18.29,106.6,0.09686,0.05862,0.1495,0.05593
19.16,65.74,0.1504,0.07161,0.2757,0.08178
18.91,123.4,0.08217,0.09271,0.1946,0.05044
14.08,77.25,0.07734,0.01123,0.1673,0.05649
14.65,78.11,0.1152,0.0371,0.1995,0.07839
0.5066,1.372,0.00423,0.01169,0.01943,0.002177
32.72,141.3,0.1392,0.2432,0.2311,0.09203
30.04,97.66,0.1005,0.1453,0.2446,0.07024
19.38,100,0.0784,0.04209,0.1547,0.05443
14.09,78.78,0.08108,0.06839,0.1646,0.06154
20.13,94.74,0.09867,0.07395,0.1586,0.05922
25.22,86.6,0.1217,0.1943,0.3113,0.08132
31.82,99,0.1162,0.2282,0.2871,0.06917
27.06,86.54,0.1289,0.04506,0.288,0.08083
1.481,5.82,0.004631,0.03109,0.01575,0.002747
15.77,76.53,0.1367,0.08669,0.2102,0.06784
17.92,78.41,0.08685,0.03211,0.1966,0.05597
14.2,112.5,0.1541,0.4004,0.2557,0.08181
22.47,81.72,0.09055,0.04711,0.1585,0.06065
19.31,82.61,0.0806,0.000692,0.1819,0.05501
12.87,61.49,0.1634,0.0973,0.2378,0.09502
0.5906,1.921,0.004117,0.02975,0.01295,0.002436
29.66,113.3,0.1574,0.5106,0.3585,0.1109
0.5477,1.348,0.005682,0.008496,0.01938,0.002371
1.532,1.199,0.007881,0.007004,0.01939,0.002222
15.98,102.8,0.1313,0.256,0.2889,0.08006
20.53,84.93,0.161,0.2247,0.3343,0.09215
0.8737,3.654,0.005089,0.03052,0.01057,0.003391
20.98,86.82,0.09293,0.003581,0.2233,0.05521
19.63,85.84,0.09048,0.05858,0.1598,0.05671
21.19,80.88,0.1389,0.1804,0.2664,0.07809
1.017,5.865,0.006494,0.03391,0.01356,0.001997
20.26,109.7,0.08772,0.0695,0.2026,0.05223
27.99,66.61,0.1086,0.1868,0.2376,0.09206
32.07,168.2,0.1368,0.4399,0.2268,0.07425
0.9789,3.28,0.01835,0.09263,0.02384,0.005601
16.41,82.85,0.09514,0.1544,0.2082,0.07325
41.85,128.5,0.2226,0.4646,0.4432,0.1086
1.222,1.528,0.009058,0.03029,0.01609,0.00357
2.105,4.138,0.005596,0.01272,0.01575,0.002758
20.13,86.87,0.08284,0.101,0.1601,0.06432
22.88,67.88,0.1265,0.01005,0.2262,0.06742
16.15,86.7,0.1162,0.02758,0.1783,0.07319
25.4,88.14,0.178,0.3186,0.266,0.0927
1.86,2.041,0.01188,0.04591,0.02287,0.006792
18.47,188.5,0.1142,0.3201,0.1648,0.05525
12.02,73.66,0.1436,0.1047,0.209,0.07699
21.84,117.4,0.07371,0.1103,0.177,0.0534
14.71,66.2,0.09882,0.03581,0.1633,0.07005
15.76,58.74,0.09462,0.09263,0.1305,0.07163
0.8225,4.655,0.005627,0.03407,0.01925,0.003742
14.88,64.55,0.1134,0.01084,0.2743,0.0696
21.88,107.5,0.1165,0.1799,0.1869,0.06532
27.2,97.33,0.1428,0.3438,0.2666,0.07686
19.56,78.54,0.09586,0.04187,0.1979,0.06013
0.8944,0.8484,0.003457,0.01167,0.01251,0.001356
2.174,2.077,0.01037,0.02586,0.01816,0.003976
25.84,107.5,0.1257,0.2846,0.2556,0.06828
27.15,152,0.1097,0.3092,0.322,0.06386
40.68,97.65,0.1853,1.105,0.4366,0.2075
20.61,71.53,0.1402,0.1898,0.2608,0.09702
0.5796,1.046,0.01011,0.01981,0.0209,0.002788
1.502,2.203,0.007112,0.02703,0.01958,0.004463
16.07,106.3,0.0988,0.06651,0.199,0.06572
0.9861,1.597,0.009113,0.02443,0.01568,0.002477
16.38,69.05,0.1902,0.2099,0.3038,0.1252
25.2,95.54,0.09387,0.02398,0.1565,0.05504
17.46,174.2,0.1149,0.3368,0.1956,0.06121
1.03,3.475,0.005551,0.04205,0.02273,0.005667
1.534,2.302,0.007595,0.0288,0.0271,0.003451
0.8285,2.567,0.004148,0.002831,0.01422,0.002273
1.56,4.667,0.009327,0.08958,0.02175,0.005195
13.32,82.82,0.1134,0.038,0.1543,0.06476
1.256,7.673,0.0103,0.05198,0.01114,0.004239
24.21,68.89,0.08192,0.01548,0.1976,0.06328
12.49,91.36,0.1451,0.08539,0.271,0.07191
1.046,3.163,0.004369,0.01153,0.01302,0.001309
1.452,8.419,0.01,0.06577,0.05168,0.002887
20.7,89.88,0.1494,0.305,0.2747,0.08301
31.64,143.7,0.1504,0.6181,0.3277,0.1019
22.44,78.18,0.08192,0.01714,0.1544,0.05976
21.31,123.6,0.09009,0.108,0.1582,0.05461
0.9832,2.11,0.004452,0.02681,0.01454,0.003711
15.73,82.89,0.0904,0.05835,0.1705,0.05913
0.9306,3.093,0.005414,0.03452,0.01705,0.004005
1.851,2.376,0.008005,0.03321,0.01462,0.004452
1.081,1.558,0.006692,0.005717,0.01416,0.002476
15.97,83.74,0.1548,0.2102,0.3016,0.08523
33.17,177.4,0.1247,0.7242,0.467,0.1038
18.84,81.87,0.09676,0.02688,0.1759,0.06183
35.59,188,0.1401,0.3155,0.2822,0.07526
0.8121,3.763,0.007089,0.0236,0.02266,0.001463
35.63,97.11,0.1108,0.07934,0.2694,0.07061
2.509,2.394,0.01736,0.02611,0.03675,0.006758
22.47,81.81,0.1249,0.09076,0.3306,0.07036
22.39,142,0.111,0.2439,0.1726,0.05623
40.54,102.5,0.1081,0.3064,0.189,0.07796
18.3,86.6,0.1022,0.03974,0.1638,0.0571
22.46,83.12,0.1183,0.08105,0.274,0.06487
19.98,119.6,0.09463,0.1127,0.1794,0.05742
26.24,171.1,0.1495,0.6121,0.2968,0.09929
16.92,88.12,0.1314,0.09385,0.2775,0.09464
1.216,1.976,0.008732,0.01062,0.01824,0.003494
30.5,91.46,0.1304,0.2434,0.2972,0.09261
1.05,2.455,0.0058,0.007816,0.02734,0.003114
0.5679,1.775,0.002667,0.01423,0.01961,0.0017
0.3628,1.525,0.004291,0.01841,0.009539,0.001656
27.37,127.1,0.1878,0.4704,0.3585,0.1065
19.29,87.65,0.1026,0.3076,0.2677,0.08824
2.22,3.301,0.009369,0.05371,0.02418,0.003249
23.6,98.84,0.1276,0.1786,0.2506,0.07623
0.4064,1.126,0.007809,0.01099,0.01254,0.00212
18.26,84.7,0.1036,0.06735,0.3101,0.06688
1.232,3.27,0.006697,0.03248,0.01536,0.002789
24.49,74.23,0.07474,0.01974,0.1935,0.05878
20.5,97.67,0.1478,0.3009,0.3849,0.08633
26.48,79.57,0.1356,0.08803,0.32,0.06576
28.88,89,0.124,0.1377,0.3455,0.06896
34.91,69.57,0.1384,0.2,0.2226,0.08283
0.5762,1.392,0.003308,0.009904,0.01316,0.002095
15.34,85.31,0.09384,0.09293,0.1822,0.06207
15.39,73.06,0.09639,0.03503,0.1734,0.05865
1.786,1.961,0.006122,0.01596,0.03194,0.002211
12.35,69.14,0.08518,0.01236,0.1449,0.06031
16.02,75.46,0.1088,0.07097,0.1886,0.0632
18.22,112,0.1065,0.3151,0.2688,0.08273
1.142,1.101,0.003418,0.001595,0.01613,0.0009683
0.8282,3.088,0.00609,0.02713,0.01594,0.002658
23.58,229.3,0.153,0.6451,0.369,0.08815
1.182,1.174,0.005515,0.03735,0.01951,0.004583
21.6,165.5,0.103,0.231,0.1991,0.06739
16.52,79.19,0.09172,0.03372,0.172,0.05914
1.926,1.011,0.007831,0.01556,0.03139,0.001988
17.15,80.62,0.08583,0.02966,0.1799,0.05826
20.39,69.5,0.1082,0.08448,0.1668,0.06862
20.22,70.15,0.09073,0.228,0.2188,0.0845
23.97,143.7,0.1286,0.3754,0.2906,0.08142
21.51,135.9,0.117,0.2565,0.2569,0.0667
1.478,3.212,0.009853,0.06271,0.02639,0.004205
1.376,2.806,0.008565,0.0643,0.01516,0.004976
25.48,160.2,0.1268,0.4433,0.3077,0.07569
0.6538,3.021,0.01017,0.02789,0.03127,0.009423
21.06,90.72,0.09534,0.1901,0.1988,0.07053
18.32,59.82,0.1009,0.0271,0.1506,0.06959
20.14,87.64,0.1374,0.1514,0.246,0.07262
1.354,1.994,0.004147,0.03379,0.01394,0.002327
23.29,93.97,0.08682,0.0839,0.1627,0.05416
21.32,150.6,0.1679,0.7345,0.3799,0.09185
12.71,85.69,0.07376,0.002758,0.1365,0.05335
16.54,94.15,0.09751,0.08007,0.1912,0.06412
29.72,58.08,0.163,0.5381,0.3322,0.1486
18.52,121.1,0.09874,0.1335,0.2132,0.06022
20.26,130.5,0.1037,0.1411,0.1802,0.06188
12.74,76.84,0.09311,0.01972,0.159,0.05907
25.44,106,0.1142,0.2437,0.2455,0.06596
14.95,78.29,0.08682,0.02109,0.1571,0.05708
28.03,117.3,0.09997,0.1698,0.1713,0.05916
1.078,2.903,0.009769,0.05051,0.02981,0.003002
25.82,102.3,0.1045,0.0775,0.2646,0.06085
2.91,5.801,0.007545,0.02134,0.03056,0.01039
26.15,87.54,0.15,0.1503,0.2438,0.08541
33.21,122.4,0.1525,0.5539,0.4264,0.1275
0.7959,0.9857,0.006272,0.03966,0.0132,0.003813
20.76,77.87,0.08605,0.06574,0.1588,0.06766
2.09,1.648,0.01291,0.004174,0.02572,0.002278
22.04,152.1,0.08439,0.1324,0.1801,0.05553
0.7884,2.312,0.007295,0.04615,0.01561,0.00323
1.205,2.362,0.004625,0.07359,0.02137,0.006142
23,104.6,0.1216,0.06648,0.2404,0.06428
0.7383,2.819,0.004493,0.02048,0.01144,0.001575
2.508,3.258,0.006578,0.02662,0.01359,0.003707
0.6863,3.868,0.004536,0.02645,0.02193,0.001589
22.15,91.62,0.1225,0.1887,0.327,0.0733
20.2,101.6,0.1264,0.1206,0.2806,0.07782
17.66,95.88,0.09179,0.04069,0.1893,0.05886
27,165.3,0.1211,0.6991,0.3126,0.07849
22.43,89.02,0.1096,0.2388,0.2121,0.07188
24.13,135.1,0.128,0.2623,0.3021,0.07987
19.65,97.83,0.07837,0.3003,0.1704,0.07769
17.57,96.85,0.1167,0.1539,0.1957,0.06216
20.74,117.4,0.1115,0.1855,0.1971,0.06166
1.916,2.591,0.005436,0.03099,0.0203,0.003009
21.24,137.8,0.1085,0.2188,0.1848,0.06222
28.64,170.3,0.1353,0.3617,0.307,0.08255
0.6329,1.52,0.00721,0.01311,0.01996,0.002635
28.46,84.53,0.1222,0.03619,0.2554,0.07207
1.509,4.554,0.006016,0.04232,0.02657,0.004411
18.42,127.1,0.09862,0.1048,0.1783,0.05871
21.78,133.8,0.0915,0.09799,0.1618,0.05557
34.27,104.3,0.138,0.4234,0.2698,0.08351
19.76,85.67,0.1296,0.1039,0.2383,0.0641
1.079,2.615,0.007138,0.03829,0.02068,0.006111
20.35,80.79,0.112,0.2079,0.259,0.09158
29.89,105.5,0.1503,0.3728,0.3693,0.09618
17.88,107,0.104,0.1354,0.1998,0.06515
15.21,78.01,0.08673,0.01994,0.1638,0.06129
13.29,79.08,0.1066,0.02855,0.188,0.06471
14.69,76.31,0.08099,0.06726,0.1499,0.06758
38.81,86.04,0.1406,0.2923,0.2884,0.0722
17.93,76.09,0.07683,0.001546,0.1382,0.0607
21.95,99.21,0.1288,0.3439,0.3596,0.09166
19.46,108.4,0.07445,0.0515,0.1844,0.05268
20.02,75.21,0.1016,0.042,0.1859,0.06461
0.9238,2.41,0.007162,0.05473,0.01547,0.007098
21.84,152.1,0.1192,0.4024,0.273,0.08666
14.97,68.26,0.07793,0.02251,0.1399,0.05688
17.46,75.54,0.08372,0.02688,0.1875,0.05715
18.24,109.4,0.1277,0.2604,0.3151,0.08473
1.095,1.566,0.009702,0.02575,0.02801,0.00248
22.4,106.4,0.1862,0.6376,0.3147,0.1405
1.343,1.851,0.01127,0.02187,0.0158,0.003442
0.9234,1.449,0.004477,0.01079,0.01325,0.002551
15.62,70.41,0.1007,0.05115,0.1861,0.06837
1.471,1.597,0.01049,0.04004,0.02719,0.007596
22.49,127.5,0.08523,0.1114,0.1767,0.05529
0.9097,1.466,0.004729,0.001184,0.01466,0.001755
3.568,11.07,0.003139,0.0889,0.04484,0.01284
0.6636,3.055,0.003872,0.0371,0.01964,0.003337
0.7614,1.808,0.006142,0.001835,0.01637,0.002665
0.3871,1.143,0.006034,0.03336,0.01175,0.002256
15.92,113.7,0.1222,0.2962,0.232,0.07474
1.14,2.225,0.005463,0.02079,0.01477,0.003071
1.042,1.614,0.00591,0.01902,0.01202,0.003107
20.58,120.8,0.1068,0.1569,0.186,0.05941
1.803,2.711,0.01291,0.05101,0.02144,0.005891
0.9849,3.564,0.005771,0.02791,0.02008,0.004144
19.07,81.92,0.0876,0.103,0.1533,0.06184
15.18,88.99,0.09516,0.04479,0.211,0.05853
25,140.9,0.1434,0.3853,0.2812,0.08198
26.43,76.38,0.1108,0.02533,0.2557,0.07613
27.84,158.3,0.1178,0.3861,0.2909,0.05865
30.41,152.9,0.1249,0.5755,0.3956,0.09288
18,98.4,0.1281,0.05307,0.21,0.07083
25.09,130.9,0.1416,0.3378,0.3138,0.08113
1.849,5.632,0.01075,0.05081,0.02293,0.004217
15.51,105.8,0.09491,0.1204,0.1782,0.05976
24.89,77.61,0.103,0.05441,0.182,0.0685
1.387,1.342,0.005158,0.01056,0.01718,0.002198
1.265,2.844,0.004877,0.02219,0.01535,0.002373
17.48,65.05,0.08054,0.05774,0.1964,0.06315
0.6232,1.677,0.006708,0.01482,0.0158,0.001779
20.7,53.27,0.09405,0.1321,0.2222,0.08261
2.265,2.608,0.008738,0.04312,0.04192,0.005822
1.398,3.999,0.008268,0.05042,0.02102,0.003854
27.65,157.1,0.1517,0.4211,0.3003,0.1048
26.57,142.7,0.1141,0.2487,0.2395,0.07398
15.56,87.21,0.1398,0.2071,0.1925,0.07692
27.61,65.67,0.0903,0.05999,0.1593,0.06127
0.7869,4.585,0.00615,0.03832,0.0225,0.004571
16.68,98.78,0.08876,0.0755,0.1594,0.05986
31.72,170.3,0.1639,0.7681,0.544,0.09964
31.12,135.7,0.09469,0.1367,0.1769,0.05674
0.469,1.115,0.004731,0.01652,0.01619,0.002081
27.08,71.76,0.06883,0.01633,0.1869,0.05628
1.657,2.155,0.00854,0.02945,0.01565,0.00384
15.51,97.45,0.08371,0.06505,0.1881,0.05907
22.07,108.1,0.1512,0.3209,0.3068,0.07957
36.91,110.1,0.1148,0.1547,0.3233,0.06165
2.261,3.132,0.01286,0.1197,0.0388,0.01792
31.99,92.74,0.1256,0.123,0.31,0.08203
28.87,143.6,0.1207,0.5165,0.2301,0.1224
25.42,112.4,0.08331,0.1204,0.1467,0.05407
0.4801,1.373,0.003828,0.007078,0.01054,0.001697
13.1,54.53,0.1036,0.02565,0.1678,0.07126
22.07,111.6,0.09726,0.09061,0.1867,0.0558
24.99,95.81,0.08837,0.1009,0.1872,0.06341
17.7,79.12,0.1121,0.1648,0.1811,0.07427
26.93,104.4,0.146,0.4636,0.363,0.1059
18.82,128.1,0.1089,0.2256,0.1823,0.06115
24.75,99.17,0.1264,0.1377,0.2249,0.08492
32.09,136.1,0.1634,0.5588,0.353,0.08482
30.73,106.2,0.1703,0.539,0.4378,0.1072
31.62,81.39,0.09545,0.07239,0.3244,0.06745
23.19,96.66,0.1536,0.4858,0.3527,0.1016
21.03,97.82,0.1175,0.4896,0.3231,0.1034
34.23,91.29,0.1289,0.139,0.2444,0.06788
1.15,1.4,0.004942,0.007508,0.01442,0.001684
1.474,7.382,0.008166,0.0573,0.01065,0.005893
1.389,2.347,0.006418,0.07927,0.01878,0.003696
19.51,109.8,0.1026,0.2236,0.2151,0.06578
2.454,10.12,0.01236,0.08232,0.02337,0.006042
26.51,76.43,0.1428,0.2123,0.2289,0.08278
24.82,91.88,0.1289,0.1731,0.2779,0.07918
24.56,128.8,0.15,0.2829,0.265,0.06387
29.02,133.5,0.1563,0.5409,0.4863,0.08633
35.64,113.2,0.1471,0.3796,0.347,0.079
21.77,71.12,0.1285,0.04384,0.2681,0.07399
1.595,5.772,0.006522,0.07117,0.02324,0.006185
1.031,1.281,0.005296,0.01723,0.0188,0.001941
1.249,2.284,0.006739,0.02086,0.0187,0.003747
14.26,102.5,0.1073,0.2077,0.2521,0.07032
26.55,80.92,0.1223,0.07915,0.3487,0.06958
24.44,76.37,0.1236,0.04515,0.2131,0.07405
22.15,96.42,0.1049,0.2135,0.1949,0.07292
0.8155,1.972,0.005217,0.01678,0.01669,0.00233
21.56,129.7,0.09383,0.1272,0.2094,0.05581
15.77,86.92,0.1521,0.1622,0.2781,0.08052
16.94,95.48,0.09023,0.01379,0.2267,0.06192
33.82,151.6,0.1585,0.6566,0.3313,0.1339
0.5308,1.592,0.004271,0.02828,0.01461,0.002613
1.961,2.937,0.009538,0.06019,0.02105,0.006
37.17,92.48,0.1072,0.1062,0.2473,0.06443
0.9823,1.484,0.005518,0.01994,0.01799,0.002484
15.73,104.5,0.1126,0.1362,0.2487,0.06766
15.66,89.59,0.07966,0.02087,0.1589,0.05586
1.539,2.028,0.005498,0.01795,0.01829,0.001956
28.45,123.5,0.1415,0.5862,0.3054,0.09519
1.239,1.806,0.006547,0.02018,0.01671,0.00236
28,113.1,0.153,0.3664,0.3739,0.1027
1.35,1.314,0.005768,0.0151,0.01347,0.001828
15.68,63,0.09492,0.0233,0.1387,0.06891
27.83,129.2,0.1072,0.2249,0.4882,0.06111
0.8836,2.109,0.007337,0.005383,0.0194,0.00118
19.13,89.46,0.09057,0.09657,0.1848,0.06181
17.45,69.86,0.1275,0.02168,0.3557,0.0802
23.86,134.7,0.108,0.2283,0.2249,0.07469
17.33,184.6,0.1622,0.7119,0.4601,0.1189
0.5503,2.547,0.004821,0.02408,0.01275,0.002451
0.948,2.171,0.005332,0.01536,0.01522,0.002815
22.75,72.62,0.13,0.1295,0.2383,0.09026
16.7,82.51,0.1125,0.0388,0.212,0.06623
23.08,85.56,0.1038,0.005579,0.2505,0.06431
18.33,105.9,0.1386,0.196,0.259,0.07779
1.166,1.567,0.004957,0.04156,0.01843,0.003614
16.58,65.85,0.08877,0.04358,0.1669,0.06714
16.18,78.27,0.1358,0.1275,0.2733,0.08022
19.02,77.88,0.08313,0.007756,0.1539,0.05945
26.5,98.87,0.2098,0.6869,0.6638,0.173
20.04,79.47,0.1096,0.08175,0.2124,0.06894
1.268,2.68,0.01439,0.001597,0.02538,0.00347
20.96,88.87,0.1068,0.03469,0.2165,0.06025
26,124.9,0.1546,0.3791,0.2837,0.08019
18.89,88.1,0.1059,0.0858,0.1806,0.06079
26.76,82.66,0.1413,0.07708,0.2584,0.08096
28.48,103.9,0.1216,0.17,0.2369,0.06599
0.6336,6.971,0.009406,0.04344,0.03156,0.003362
2.463,5.203,0.005769,0.0395,0.01898,0.002498
27.15,111.2,0.09898,0.1007,0.1793,0.06281
1.465,5.801,0.006766,0.06591,0.01673,0.0113
20.78,83.51,0.1135,0.03136,0.254,0.06087
0.9671,0.968,0.005883,0.009398,0.02009,0.002377
16.93,94.17,0.117,0.03732,0.2823,0.06794
14.36,87.46,0.09779,0.06664,0.1885,0.05766
0.685,1.236,0.005969,0.01564,0.01093,0.001672
25.75,84.35,0.1369,0.1316,0.3101,0.07007
31.37,251.2,0.1357,0.6833,0.2641,0.07427
1.01,1.491,0.008577,0.02099,0.02434,0.001217
19.83,71.3,0.08511,0.005067,0.1637,0.06343
0.8163,1.973,0.006773,0.01018,0.02662,0.004143
1.428,1.822,0.008064,0.02595,0.01357,0.00304
0.9591,2.183,0.008328,0.01349,0.03218,0.002386
0.7285,1.171,0.005528,0.008342,0.01465,0.00253
1.108,1.902,0.007356,0.05915,0.02165,0.004784
1.166,1.683,0.003741,0.01065,0.01344,0.001126
20.83,79.73,0.1095,0.1553,0.3202,0.07287
19.62,64.48,0.1724,0.2456,0.2926,0.1017
1.306,18.65,0.00765,0.08055,0.01697,0.004558
20.18,76.1,0.1089,0.06843,0.1993,0.06453
1.217,1.893,0.00508,0.007276,0.0135,0.001706
22.29,90.63,0.12,0.1385,0.1834,0.06877
18.45,73.28,0.09345,0.02638,0.1834,0.05934
26.2,142.2,0.1492,0.3759,0.3074,0.07863
14.96,77.23,0.1158,0.01171,0.2459,0.06581
15.5,73.38,0.08365,0.1007,0.181,0.07252
18.15,130.7,0.112,0.2508,0.2027,0.06082
19.94,62.11,0.1024,0.006829,0.135,0.0689
18.22,84.28,0.07466,0.04859,0.1454,0.05549
15.6,87.38,0.09423,0.04705,0.1717,0.0566
21.47,71.68,0.1467,0.13,0.2533,0.08468
20.52,77.22,0.08013,0.02383,0.1739,0.05677
17.58,101.7,0.1139,0.1101,0.2334,0.06142
34.01,111.6,0.1737,0.3809,0.308,0.09333
36.92,68.03,0.111,0.0719,0.2321,0.07211
29.29,74.87,0.09357,0.0716,0.1799,0.06166
11.79,54.34,0.09752,0.02061,0.1683,0.07187
26.58,165.9,0.1193,0.2687,0.2551,0.06589
17.27,103.2,0.1335,0.2448,0.2398,0.07596
0.7636,1.231,0.008725,0.02335,0.02625,0.004726
0.7747,3.123,0.007159,0.06165,0.01591,0.005099
17.05,91.43,0.1096,0.09789,0.1908,0.0613
23.97,81.35,0.07903,0.05438,0.1514,0.06019
24.98,88.05,0.09488,0.08625,0.1609,0.05871
1.503,1.667,0.007389,0.007302,0.01263,0.002925
17.52,121.3,0.1012,0.1491,0.1832,0.06697
23.39,85.1,0.1137,0.0612,0.1978,0.06915
20.21,99.16,0.1105,0.1346,0.3323,0.07701
23.09,66.85,0.1015,0.02495,0.1695,0.06556
26.34,98,0.09368,0.1359,0.2663,0.06321
28.18,83.51,0.09457,0.3218,0.2305,0.09952
28.23,76.77,0.08437,0.04055,0.1615,0.06104
2.129,6.076,0.006455,0.04502,0.01829,0.003733
16.93,103.1,0.1347,0.1373,0.2606,0.0781
0.7655,1.742,0.006905,0.01978,0.01897,0.001671
19.54,133.8,0.1133,0.2133,0.1724,0.06053
1.563,1.035,0.008875,0.01808,0.01791,0.003317
2.643,4.099,0.007517,0.01465,0.02047,0.003883
16.16,88.37,0.07026,0.02045,0.1607,0.05474
1.424,2.747,0.01385,0.02722,0.03281,0.004638
25.26,105.8,0.09445,0.1565,0.2636,0.07676
29.26,85.51,0.1688,0.2873,0.2806,0.09097
27.27,105.9,0.1026,0.3662,0.2258,0.08004
25.25,84.1,0.08791,0.02772,0.1619,0.05584
2.067,2.493,0.01193,0.03,0.03357,0.003048
1.647,1.489,0.004359,0.003223,0.01916,0.002534
30.38,129.8,0.159,0.3597,0.3103,0.082
0.679,2.153,0.005532,0.03055,0.01177,0.002336
30.88,186.8,0.1512,0.5372,0.2768,0.07615
32.84,84.58,0.1123,0.1145,0.2694,0.06878
0.9168,4.218,0.006208,0.02375,0.01445,0.001906
0.6656,1.67,0.008045,0.01683,0.01924,0.002248
25.41,138.1,0.1482,0.3301,0.306,0.08503
1.743,3.018,0.009519,0.0199,0.02079,0.002701
18.34,114.1,0.1312,0.3219,0.2827,0.09208
22.25,82.74,0.1013,0.007732,0.2171,0.07037
26.02,107.3,0.161,0.503,0.2807,0.1071
34.01,160.5,0.1491,0.6133,0.3444,0.09782
0.8561,1.495,0.004599,0.009127,0.01247,0.001708
0.9951,2.903,0.005654,0.03059,0.01623,0.001965
17.19,74.68,0.09774,0.03809,0.1516,0.06095
0.7656,1.303,0.006709,0.0208,0.02124,0.002768
25.34,96.42,0.1066,0.0846,0.2523,0.06609
0.9112,1.727,0.005356,0.01971,0.01414,0.001892
1.022,2.972,0.005635,0.06072,0.03197,0.004085
1.555,1.359,0.005391,0.01163,0.01341,0.001659
1.492,2.888,0.007256,0.02071,0.0208,0.005304
21.28,63.19,0.08117,0.00247,0.163,0.06439
20.54,102.3,0.1218,0.122,0.2525,0.06827
15.69,92.68,0.07618,0.01447,0.1632,0.05255
24.68,116.1,0.1049,0.2159,0.1538,0.06365
19.71,84.48,0.1104,0.01938,0.1917,0.06174
1.377,3.856,0.008805,0.02488,0.01486,0.005412
1.966,1.959,0.01289,0.003297,0.04243,0.001963
0.6221,1.482,0.004796,0.01758,0.02254,0.001971
23.95,103.7,0.08401,0.09938,0.1847,0.05338
1.207,5.004,0.007234,0.1114,0.03232,0.009627
19.35,80.78,0.1332,0.3365,0.2581,0.108
11.28,102.8,0.1043,0.1191,0.1784,0.06259
13.9,59.96,0.1371,0.03332,0.2197,0.07696
1.332,1.513,0.005442,0.03304,0.01315,0.002464
25.05,62.86,0.1103,0.07993,0.2435,0.07393
1.408,3.631,0.005288,0.04256,0.01717,0.003211
18.33,75.17,0.1142,0.0707,0.1801,0.0652
20.7,89.77,0.09578,0.03688,0.162,0.06688
1.679,3.283,0.008109,0.04942,0.01594,0.003739
1.027,1.267,0.003478,0.01072,0.02941,0.003428
23.17,166.8,0.1562,0.4159,0.2689,0.07055
19.08,113.4,0.1141,0.191,0.2131,0.06325
27.49,85.56,0.1184,0.1937,0.2983,0.07185
19.29,67.41,0.09989,0.02995,0.2217,0.06481
18.41,84.08,0.1275,0.08636,0.2514,0.07898
21.6,74.72,0.08637,0.01657,0.1495,0.05888
1.265,2.668,0.005421,0.04545,0.01869,0.004067
21.54,76.83,0.06613,0.08777,0.1349,0.06612
18.77,97.84,0.08138,0.0905,0.1744,0.06493
31.56,177,0.1805,0.4695,0.3613,0.09564
32.16,84.53,0.1557,0.1755,0.2762,0.08851
17.76,109.8,0.1354,0.1947,0.23,0.0723
18.54,79.01,0.08477,0.02643,0.1602,0.06066
20.25,122.1,0.0944,0.149,0.1697,0.05699
23.81,92.87,0.09463,0.1115,0.2235,0.06433
1.617,7.749,0.004551,0.02143,0.01367,0.002299
16.84,61.64,0.08481,0.08422,0.2036,0.07125
26.98,86.43,0.1249,0.256,0.3035,0.08284
18.29,84.18,0.07351,0.04057,0.1874,0.05899
30.12,117.9,0.1552,0.4967,0.4753,0.1013
28.07,120.4,0.1243,0.2803,0.1603,0.06818
1.743,7.804,0.007964,0.07649,0.02736,0.005928
34.37,161.1,0.1498,0.4634,0.3679,0.0987
0.4125,1.338,0.005012,0.01551,0.01647,0.001767
25.99,87.82,0.1298,0.1255,0.2744,0.07238
21.82,97.17,0.1312,0.209,0.3549,0.08118
2.015,1.778,0.007803,0.0169,0.021,0.002778
1.073,3.833,0.005524,0.02706,0.01415,0.003397
20.88,68.09,0.1467,0.04043,0.2841,0.08175
1.885,8.649,0.01038,0.1091,0.07895,0.005987
21.8,101.2,0.09384,0.1384,0.2679,0.07698
18.16,84.16,0.146,0.1087,0.2765,0.07806
1.193,4.837,0.006458,0.02945,0.01852,0.002608
14.74,94.87,0.08875,0.04608,0.1521,0.05912
1.28,1.565,0.008426,0.001487,0.02358,0.001627
29.41,142.1,0.1681,0.5553,0.3187,0.1019
24.02,82.68,0.1342,0.186,0.321,0.07863
15.7,82.57,0.1278,0.1578,0.2087,0.07613
28.71,87.36,0.08799,0.2912,0.2191,0.09349
23.87,211.5,0.1199,0.3794,0.2908,0.07277
1.003,2.495,0.007509,0.01977,0.01805,0.003629
22.41,98.92,0.09057,0.05375,0.1727,0.06317
1.068,2.796,0.009006,0.03204,0.02353,0.004984
24.02,94.57,0.08974,0.03102,0.1685,0.05866
22.02,133.3,0.1263,0.429,0.2842,0.08225
1.152,1.559,0.00718,0.005832,0.01982,0.002754
2.2,2.487,0.007357,0.009959,0.03433,0.002961
31.86,171.1,0.1592,0.5344,0.5558,0.1024
1.281,2.45,0.006703,0.02315,0.019,0.003224
26.83,72.22,0.1559,0.2644,0.2622,0.0849
29.15,83.99,0.1699,0.312,0.2829,0.08832
24.57,163.1,0.1497,0.4317,0.3379,0.0895
1.909,3.271,0.00579,0.05303,0.03356,0.009368
1.216,4.206,0.006666,0.04062,0.01117,0.003727
2.664,4.073,0.01097,0.396,0.03546,0.02984
13.47,92.51,0.09906,0.05724,0.2075,0.05448
32.47,128,0.0842,0.1145,0.1428,0.05313
0.489,1.349,0.00451,0.01951,0.01934,0.003696
25.42,94.7,0.08275,0.04105,0.184,0.0568
18.9,76.66,0.08386,0.00751,0.1555,0.06048
25.23,160.5,0.1417,0.4185,0.2549,0.09136
1.627,2.914,0.008312,0.03389,0.0174,0.002871
28.65,152.4,0.1518,0.4316,0.359,0.07787
25.58,96.74,0.1153,0.05285,0.2362,0.07113
0.9567,1.094,0.008968,0.01588,0.02574,0.002582
1.35,1.721,0.006383,0.00186,0.02571,0.002015
19.33,126.5,0.1035,0.1379,0.1776,0.05647
26.87,90.14,0.1391,0.4779,0.254,0.09532
25.5,101.4,0.1147,0.366,0.2744,0.08839
0.6549,1.606,0.004837,0.009213,0.01171,0.002104
1.15,2.406,0.004626,0.01954,0.01547,0.00243
23.07,88.13,0.105,0.1904,0.2685,0.07764
20.92,82.14,0.114,0.0498,0.2227,0.07376
0.8355,1.687,0.005996,0.02117,0.02025,0.001725
29.46,73.68,0.1515,0.1181,0.2883,0.07748
1.268,3.717,0.008034,0.01514,0.02921,0.002005
16.58,78.99,0.1091,0.1659,0.2678,0.07371
0.6793,1.069,0.007897,0.01801,0.01592,0.003925
17.6,81.25,0.1073,0.269,0.2604,0.09879
16.39,86.1,0.07115,0.08092,0.1422,0.05823
27.1,86.2,0.1405,0.2806,0.3397,0.08365
21.46,94.25,0.09444,0.1204,0.2075,0.05636
0.4757,1.817,0.002866,0.01412,0.01069,0.001087
20.56,118.4,0.1001,0.117,0.2116,0.06077
25.73,148.2,0.1021,0.3207,0.2841,0.06541
0.7574,1.573,0.002838,0.0178,0.01329,0.001976
12.87,81.23,0.1092,0.08324,0.339,0.07434
24.62,71.11,0.1388,0.06409,0.3057,0.07875
1.805,1.377,0.01496,0.01453,0.03082,0.004785
1.214,3.357,0.004024,0.02291,0.05014,0.001902
28.92,79.26,0.1282,0.03582,0.2976,0.07123
27.29,92.2,0.1116,0.2365,0.2465,0.09981
0.3602,1.107,0.004124,0.01003,0.02032,0.001952
0.7732,3.18,0.004314,0.02254,0.01369,0.002179
0.4833,2.235,0.006432,0.007741,0.01227,0.002564
1.312,2.275,0.01098,0.01031,0.02693,0.002979
17.02,84.55,0.08445,0.03554,0.1496,0.05674
25.59,159.8,0.171,0.8489,0.2749,0.1297
26.86,81.15,0.1034,0.1085,0.1943,0.06937
0.9988,1.534,0.002826,0.01311,0.01013,0.001345
22.04,71.08,0.1461,0.1783,0.2691,0.09479
20.74,85.98,0.08675,0.1085,0.1562,0.0602
1.24,3.195,0.005718,0.01998,0.0141,0.002085
0.6205,1.957,0.004717,0.01759,0.0122,0.00313
0.4706,1.146,0.007394,0.0247,0.01344,0.002569
1.213,9.424,0.008198,0.04493,0.02018,0.005815
20.72,77.79,0.1076,0.09755,0.23,0.06769
0.6857,2.183,0.004185,0.02664,0.01703,0.003817
1.353,1.735,0.004455,0.02095,0.01641,0.001956
19.25,114.3,0.1223,0.1709,0.2723,0.07071
1.199,7.158,0.006356,0.03863,0.01936,0.005252
15.64,86.97,0.1385,0.1242,0.2827,0.06771
0.6633,4.293,0.006294,0.05554,0.02428,0.003535
33.75,79.82,0.09203,0.1089,0.2849,0.07087
16.47,81.6,0.1001,0.04116,0.2293,0.06037
39.16,162.3,0.1522,0.3788,0.3151,0.07999
20.25,102.6,0.1025,0.1147,0.1935,0.06303
19.89,80.43,0.08451,0.0683,0.1781,0.06249
32.01,108.8,0.1651,0.6943,0.3596,0.1431
17.4,93.96,0.1016,0.01824,0.2107,0.0658
0.5735,1.204,0.003632,0.001128,0.01344,0.002585
0.7096,3.384,0.006789,0.06446,0.03672,0.004394
2.293,4.021,0.01418,0.01267,0.02678,0.003002
1.059,4.061,0.01015,0.04983,0.01884,0.00866
17.53,65.12,0.1061,0.01768,0.191,0.06908
19.48,70.89,0.136,0.07162,0.2434,0.08488
1.475,4.782,0.006471,0.02806,0.0237,0.003755
27.78,118.6,0.1316,0.4589,0.3,0.08701
21.01,60.11,0.1044,0.02172,0.1717,0.06899
15.83,55.84,0.115,0.04132,0.1649,0.07633
19.73,96.03,0.08757,0.1362,0.1714,0.07192
2.542,1.277,0.01072,0.01993,0.01717,0.004492
18.35,77.32,0.09363,0.06636,0.1967,0.06314
14.07,71.24,0.07274,0.04505,0.169,0.06083
28.14,76.85,0.08752,0.02367,0.1854,0.05698
15.92,83.74,0.08677,0.04894,0.1778,0.06235
3.12,9.807,0.02333,0.1278,0.04547,0.009875
1.342,5.216,0.004428,0.0404,0.0203,0.002686
17.04,125,0.1531,0.583,0.3216,0.101
1.441,3.312,0.007514,0.007665,0.04183,0.005953
31.03,129.3,0.1415,0.7087,0.4824,0.09614
16.18,66.52,0.1061,0.06726,0.1743,0.07279
15.24,95.77,0.1132,0.09966,0.2116,0.06346
20.19,68.64,0.1122,0.06476,0.1922,0.07782
28.94,69.92,0.1126,0.01235,0.2349,0.08061
21.38,110,0.1121,0.1525,0.1995,0.0633
1.198,2.63,0.004952,0.02967,0.01152,0.001718
21.1,88.7,0.1384,0.102,0.2688,0.06888
19.12,61.93,0.1075,0.008934,0.2538,0.07029
18.02,78.31,0.09231,0.04392,0.1695,0.05916
23.33,119,0.09289,0.2136,0.1696,0.07369
16.67,74.72,0.1051,0.03592,0.1339,0.05945
22.22,79.85,0.1012,0.0537,0.1551,0.06761
2.836,5.383,0.01124,0.07469,0.02768,0.00624
25.94,97.59,0.1339,0.1381,0.2678,0.06603
17.36,76.2,0.1225,0.05929,0.2015,0.05875
18.1,61.06,0.08311,0.01479,0.168,0.06412
19.97,99.66,0.08484,0.1091,0.2542,0.06623
25.21,113.7,0.1426,0.3344,0.2736,0.07953
0.5293,1.164,0.006472,0.01282,0.01692,0.002817
0.6412,0.9219,0.005231,0.03113,0.01639,0.005701
22.75,91.99,0.1025,0.3308,0.2048,0.07628
13.72,85.79,0.08363,0.05077,0.1617,0.05594
0.8429,2.684,0.00638,0.01245,0.02292,0.001461
33.33,87.24,0.1041,0.05524,0.2404,0.06639
30.44,142,0.1251,0.3829,0.2576,0.07602
26.67,158.9,0.1141,0.3523,0.22,0.06229
27.85,92.55,0.08223,0.1103,0.1342,0.06129
19.93,88.81,0.1483,0.2241,0.338,0.09584
12.17,80.88,0.08785,0.0236,0.1583,0.06275
23.89,95.1,0.1282,0.1876,0.2235,0.06925
39.28,113.4,0.09812,0.1417,0.1809,0.05966
29.51,119.1,0.164,0.6922,0.2844,0.1132
21.43,121.4,0.1411,0.3355,0.3414,0.07147
13.08,70.87,0.09754,0.01982,0.183,0.06105
15.7,104.7,0.09427,0.05526,0.1711,0.05657
19.77,94.48,0.09752,0.09388,0.1879,0.0639
1.781,2.079,0.005888,0.02059,0.02578,0.002267
1.309,2.407,0.004426,0.03437,0.01675,0.004367
22.33,78.27,0.1028,0.1546,0.2955,0.07009
16.99,62.5,0.1037,0.04334,0.1584,0.07065
1.4,5.54,0.009037,0.05206,0.01778,0.004968
0.8745,1.393,0.005251,0.0184,0.01449,0.002671
31.73,113.5,0.134,0.404,0.3187,0.1023
23.84,82.69,0.1122,0.1128,0.1905,0.0659
24.7,129.1,0.08822,0.2535,0.2369,0.06558
0.8225,1.355,0.007416,0.02758,0.02348,0.002917
1.685,1.237,0.005371,0.01132,0.01719,0.001444
1.331,4.675,0.007269,0.04972,0.01852,0.004232
17.31,80.45,0.08928,0.03609,0.1526,0.06046
19.04,74.2,0.08546,0.05485,0.2031,0.06267
19.11,74.33,0.08814,0.01583,0.1936,0.06128
0.6068,1.443,0.004413,0.01509,0.01354,0.001787
23.12,94.37,0.1075,0.1981,0.2384,0.07542
25.47,107.1,0.0997,0.25,0.2852,0.09218
21.91,120.2,0.0943,0.1153,0.1692,0.05727
14.93,73.87,0.1013,0.04328,0.1883,0.06168
0.9899,1.778,0.008534,0.00618,0.01065,0.003351
28.12,119.4,0.1637,0.6956,0.4761,0.1402
29.02,88.18,0.08125,0.007977,0.2295,0.05843
23.19,96.08,0.1089,0.105,0.2346,0.08025
14.78,71.38,0.08306,0.0009737,0.1773,0.06081
15.15,88.27,0.08268,0.04249,0.1792,0.05897
28.39,108.1,0.1089,0.3779,0.2471,0.07463
1.027,1.719,0.007405,0.04588,0.01738,0.004435
21.25,89.79,0.0907,0.01462,0.1517,0.05835
20.28,87.32,0.1041,0.09847,0.1974,0.06782
0.4956,1.344,0.00329,0.01774,0.01172,0.002575
17.2,71.73,0.08915,0.09457,0.1489,0.0664
29.2,92.94,0.114,0.1212,0.2637,0.06658
1.093,3.014,0.009783,0.03483,0.02542,0.01045
0.9635,7.247,0.006428,0.04497,0.0159,0.003053
18.91,150.1,0.1478,0.3786,0.3751,0.1108
22.02,97.26,0.09056,0.05253,0.1616,0.05684
31.31,90.67,0.1227,0.3911,0.2826,0.09585
0.6864,1.509,0.003338,0.00203,0.0148,0.001566
21.58,101.2,0.1195,0.1117,0.2725,0.07234
15.98,89.78,0.08458,0.03534,0.1714,0.05898
1.065,1.286,0.003634,0.008268,0.01924,0.00152
29.33,140.1,0.1178,0.3514,0.2397,0.07016
20.53,92.41,0.08931,0.05063,0.1506,0.06009
1.656,1.955,0.01134,0.03125,0.01879,0.005348
15.49,56.74,0.08293,0.04721,0.193,0.06621
12.83,78.83,0.07372,0.007173,0.1613,0.06013
37.13,124.1,0.1678,0.7026,0.4218,0.1341
18.89,72.17,0.08713,0.02399,0.2013,0.05955
31.48,136.8,0.1789,0.4784,0.3706,0.1142
18.49,61.49,0.08946,0.02948,0.2238,0.06413
23.99,180.9,0.1696,0.5803,0.3222,0.08009
17.48,88.54,0.1298,0.05233,0.2369,0.06922
17.25,140.9,0.09384,0.1168,0.1717,0.05054
17.62,70.79,0.09687,0.05263,0.1619,0.06408
16.85,94.21,0.08641,0.05192,0.1409,0.05355
12.27,78.94,0.09003,0.02958,0.1689,0.05808
26.6,126.2,0.102,0.1921,0.1902,0.0622
21.39,84.42,0.1323,0.1521,0.2572,0.07097
19.83,100.3,0.1039,0.17,0.1855,0.06284
15.05,115,0.09847,0.09875,0.1739,0.06149
1.693,3.926,0.009433,0.04167,0.03397,0.005061
14.11,84.95,0.0876,0.1374,0.1596,0.06409
15.1,141.3,0.1001,0.1932,0.1973,0.06183
34.51,206,0.1481,0.582,0.3103,0.08677
1.326,2.308,0.007514,0.01401,0.01503,0.003338
1.892,7.128,0.008439,0.05904,0.0371,0.004286
21.72,93.63,0.09823,0.1319,0.1885,0.06125
18.17,82.69,0.1076,0.08017,0.1641,0.06854
24.54,70.76,0.1413,0.08423,0.2213,0.07842
31.47,128.2,0.124,0.1211,0.2452,0.06515
25.46,100.9,0.1351,0.4504,0.2563,0.08174
14.16,71.79,0.09379,0.001487,0.1954,0.05821
18.36,73.88,0.08508,0.03367,0.1516,0.05859
15.66,65.13,0.1324,0.08867,0.245,0.07773
32.68,177,0.1536,0.7892,0.3198,0.08762
1.798,2.552,0.006011,0.05175,0.02669,0.007731
0.9209,2.244,0.004766,0.02384,0.01772,0.003131
17.84,67.84,0.185,0.09996,0.3681,0.08982
13.06,81.29,0.08739,0.009193,0.1466,0.06133
25,127.7,0.1032,0.1655,0.1663,0.05391
19.27,87.22,0.1292,0.1791,0.311,0.07592
1.255,1.441,0.005969,0.02007,0.01972,0.002607
17,78.6,0.07557,0.01342,0.1472,0.05561
1.747,4.607,0.01307,0.006021,0.031,0.004225
1.39,3.198,0.006719,0.04387,0.01872,0.008015
14.93,70.67,0.07987,0.03546,0.2003,0.06246
2.043,2.132,0.01113,0.005308,0.01801,0.005667
18.19,73.93,0.09592,0.1548,0.2054,0.07669
1.962,1.243,0.01243,0.07753,0.02309,0.01178
0.4402,2.393,0.005501,0.08158,0.01266,0.007555
19.34,61.05,0.08491,0.02337,0.158,0.06235
20.11,109.3,0.09831,0.1793,0.1794,0.06323
23.93,74.52,0.09261,0.1112,0.1388,0.0657
36.71,149.3,0.1641,0.6335,0.4027,0.09876
13.27,88.06,0.09198,0.01063,0.1592,0.05912
22.65,65.5,0.1482,1.252,0.4228,0.1175
27.24,137.9,0.1134,0.2298,0.3067,0.07484
26.56,127.3,0.1009,0.2477,0.4677,0.07623
0.8413,2.075,0.009882,0.04531,0.02471,0.002142
24.34,92.82,0.1276,0.2028,0.3035,0.07661
13.37,82.29,0.08794,0.04052,0.1601,0.0614
21.8,79.78,0.08772,0.06015,0.193,0.06404
12.88,90.03,0.09309,0.01765,0.1373,0.057
15.79,90.43,0.1007,0.07789,0.1662,0.06566
27.68,152.2,0.1398,0.3157,0.3695,0.08579
33.81,160,0.1278,0.3703,0.3271,0.07632
16.82,90.3,0.06429,0.00725,0.1508,0.05376
33.81,70.79,0.0778,0.004967,0.1845,0.05828
28.18,195.9,0.1272,0.5807,0.2833,0.08858
15.18,93.97,0.0997,0.08487,0.1724,0.06081
0.8098,2.563,0.006351,0.03119,0.02062,0.002695
1.15,2.735,0.003659,0.02572,0.01817,0.004108
22.81,84.46,0.09701,0.04833,0.1987,0.06169
16.67,152.2,0.1374,0.4,0.2364,0.07678
24.38,95.14,0.1214,0.07127,0.3313,0.07735
0.6683,1.612,0.005756,0.01461,0.01551,0.002168
23.21,89.71,0.1176,0.1703,0.2618,0.07609
1.918,3.564,0.008263,0.01277,0.02466,0.002977
29.11,102.9,0.1115,0.09189,0.2522,0.07246
33.37,92.04,0.1419,0.2177,0.2829,0.08067
32.82,91.76,0.2184,0.8402,0.4154,0.1403
21.59,110.1,0.0961,0.1348,0.1896,0.05656
18.95,69.28,0.09688,0.06387,0.1922,0.06491
1.324,3.477,0.009329,0.09953,0.05543,0.00733
1.023,4.012,0.005485,0.0319,0.02768,0.003345
0.4875,1.195,0.004873,0.03318,0.01601,0.002289
1.44,2.206,0.007278,0.04447,0.01868,0.003339
1.597,1.539,0.004973,0.01498,0.01724,0.001343
24.49,86,0.1244,0.1449,0.2779,0.08121
21.7,93.76,0.1213,0.1364,0.2741,0.07582
26.19,109.1,0.1313,0.1804,0.2962,0.08472
21.51,111.4,0.1294,0.3755,0.3053,0.08764
1.748,5.118,0.004571,0.02176,0.03373,0.005875
23.22,67.08,0.1415,0.06213,0.2989,0.0738
15.86,86.49,0.1078,0.1169,0.1942,0.06902
27.06,132.9,0.1,0.1519,0.1814,0.05572
22.74,105.9,0.1226,0.206,0.36,0.07285
0.4334,1.826,0.003271,0.0231,0.01148,0.002379
20.21,96.12,0.09587,0.06824,0.1487,0.05748
1.48,7.029,0.008124,0.05489,0.03176,0.002365
1.045,1.649,0.006175,0.01376,0.01096,0.001857
16.83,70.92,0.1077,0.03046,0.1714,0.0634
24.04,93.85,0.1368,0.2413,0.3218,0.0747
1.38,1.457,0.007499,0.02332,0.01647,0.002629
1.2,4.277,0.01093,0.03214,0.02837,0.004174
0.8092,3.33,0.005541,0.04505,0.03102,0.004831
1.21,2.635,0.005857,0.01168,0.02406,0.001769
13.78,81.78,0.09667,0.01288,0.1638,0.061
1.284,2.482,0.006627,0.05371,0.01682,0.004584
19.35,84.52,0.09579,0.07107,0.1761,0.0654
1.511,2.41,0.005433,0.01131,0.0222,0.003408
19.23,65.59,0.09836,0.1397,0.3282,0.0849
25.74,98,0.1024,0.1235,0.1647,0.06464
2.284,5.173,0.004756,0.04345,0.03756,0.003288
20.54,84.06,0.07335,0.018,0.1713,0.05888
36.32,85.07,0.1453,0.1811,0.2973,0.07745
0.8309,2.097,0.004405,0.04344,0.01921,0.004622
28.14,110.6,0.1654,0.2678,0.3196,0.1151
17.57,72.49,0.08858,0.02783,0.1601,0.05913
17.72,83.09,0.1293,0.03122,0.3124,0.0759
1.593,4.877,0.003899,0.02817,0.02674,0.005126
19.83,152.1,0.09342,0.1676,0.1505,0.05484
0.5664,2.465,0.005727,0.04393,0.02751,0.004572
15.82,79.62,0.08864,0.1201,0.2576,0.07018
19.59,64.73,0.1003,0.005025,0.1791,0.06331
0.7395,2.355,0.009536,0.01651,0.01953,0.0031
13.12,81.89,0.06955,0.0226,0.1337,0.05581
24.9,145.4,0.1503,0.3272,0.2894,0.08456
17.18,89.75,0.08045,0.02681,0.1641,0.05764
22.13,101.7,0.09983,0.222,0.2272,0.08799
22.55,93.77,0.1038,0.1463,0.1926,0.05982
20.68,108.1,0.117,0.1722,0.2164,0.07356
18.32,66.82,0.08142,0.01993,0.2372,0.05768
24.04,83.97,0.1186,0.2273,0.203,0.08243
30.76,163.2,0.1464,0.5179,0.248,0.08999
1.636,1.596,0.005415,0.02153,0.01959,0.001812
21.25,130,0.1096,0.1974,0.2069,0.05999
32.06,166.4,0.1322,0.3865,0.3193,0.09221
32.33,155.3,0.1376,0.489,0.216,0.093
15.34,63.78,0.1072,0.4108,0.2548,0.09296
0.9209,4.158,0.005215,0.04718,0.02045,0.004028
19.05,94.11,0.1278,0.1533,0.253,0.0651
29.09,97.58,0.1216,0.1049,0.2642,0.06953
22.25,90.24,0.1021,0.001845,0.2439,0.06289
1.36,1.502,0.008412,0.03898,0.01695,0.002801
27.15,91.38,0.09929,0.04462,0.1537,0.06171
1.005,1.752,0.004088,0.01796,0.01323,0.001465
0.7815,1.429,0.009019,0.01196,0.02388,0.001619
19.96,73.72,0.0802,0.09274,0.2595,0.06233
1.332,4.533,0.00677,0.03067,0.01875,0.003434
29.25,108.4,0.1306,0.3349,0.302,0.06846
1.197,3.43,0.00747,0.03354,0.03504,0.003318
24.22,70.1,0.1143,0.04158,0.2227,0.06777
0.6881,1.263,0.004259,0.0194,0.01191,0.003537
27.78,149.6,0.1873,0.9034,0.3245,0.1198
16.33,82.53,0.07941,0.03873,0.1829,0.05667
17.33,58.79,0.1066,0.313,0.2111,0.08046
17.13,101.1,0.1376,0.2577,0.3065,0.08177
16.85,117.5,0.08947,0.109,0.172,0.0578
1.367,1.477,0.008835,0.01328,0.01897,0.001726
0.6332,1.696,0.005704,0.02636,0.01759,0.003563
0.9857,3.07,0.009197,0.08079,0.02773,0.006355
15.65,76.95,0.09723,0.04151,0.2079,0.05968
24.64,96.05,0.1426,0.2671,0.3014,0.0875
0.6931,1.34,0.006064,0.006564,0.01374,0.001392
20.24,117.7,0.1491,0.3327,0.3415,0.0974
23.41,158.8,0.1238,0.2416,0.275,0.08902
21.41,70.95,0.1018,0.008955,0.1615,0.06144
0.5996,1.438,0.005343,0.01123,0.01977,0.0009502
25.78,76.91,0.1424,0.01335,0.3292,0.06522
24.48,115.2,0.08855,0.05699,0.1538,0.0551
16.4,92.04,0.1194,0.1769,0.2564,0.08253
1.059,2.475,0.006652,0.02221,0.01894,0.003411
14.92,73.53,0.09059,0.06181,0.1167,0.06217
1.194,1.933,0.00596,0.03909,0.01939,0.00456
0.6417,1.345,0.006982,0.04017,0.0226,0.006822
19.52,134.9,0.1255,0.2489,0.2756,0.07919
23.29,109,0.09742,0.1811,0.2175,0.06218
1.305,1.144,0.007389,0.003681,0.02701,0.002153
1.511,4.795,0.009976,0.05278,0.02653,0.005444
0.7394,2.12,0.005706,0.03114,0.01454,0.002528
16.93,90.96,0.1026,0.09901,0.2106,0.06916
17.94,78.27,0.08654,0.03885,0.197,0.06228
26.17,161.7,0.1228,0.3158,0.2238,0.07127
1.204,1.865,0.00832,0.02334,0.02094,0.003674
30.15,105.3,0.1777,0.6282,0.3407,0.1243
0.7151,1.047,0.004928,0.00262,0.01393,0.001344
1.026,8.758,0.006399,0.07845,0.02057,0.006213
21.81,85.42,0.09714,0.08259,0.1746,0.06177
1.434,1.778,0.005042,0.04305,0.0247,0.007358
16.85,79.19,0.08511,0.004473,0.1215,0.05673
0.9533,1.602,0.005314,0.02185,0.01223,0.002846
0.9644,3.706,0.00925,0.04867,0.01498,0.00352
29.43,158.8,0.1347,0.4932,0.3294,0.09469
1.545,10.05,0.006515,0.104,0.03112,0.005037
16.51,86.26,0.1424,0.0942,0.2727,0.1036
14.93,96.45,0.08098,0.05539,0.1687,0.05669
21.37,82.63,0.07551,0.06126,0.158,0.06114
16.74,98.73,0.09883,0.07721,0.1668,0.06869
0.669,1.661,0.003169,0.01079,0.01103,0.001957
1.111,2.279,0.004868,0.01121,0.02085,0.002893
0.5914,1.545,0.005367,0.03049,0.01377,0.003187
21.82,87.5,0.1273,0.1859,0.235,0.07389
14.59,73.99,0.1046,0.05308,0.1779,0.06574
0.781,1.253,0.003796,0.01346,0.01536,0.001541
1.642,2.369,0.006663,0.0888,0.01995,0.008675
1.14,1.223,0.005919,0.04957,0.01208,0.004076
20.21,81.76,0.08409,0.02237,0.1901,0.05932
1.046,2.644,0.007976,0.01608,0.02005,0.00283
1.705,1.516,0.007334,0.02941,0.01745,0.004302
20.37,83.85,0.1037,0.06243,0.2901,0.06783
0.9768,1.909,0.009606,0.01985,0.02027,0.002968
25.44,48.34,0.08668,0.09252,0.2037,0.07751
20.86,110.3,0.1411,0.2779,0.2589,0.103
28.21,85.89,0.07517,0.01271,0.1421,0.05763
0.9115,1.954,0.005031,0.005325,0.01494,0.0008948
23.95,103.8,0.1183,0.203,0.1807,0.07083
1.066,1.445,0.005169,0.03016,0.01365,0.003407
17.3,81.25,0.1028,0.03193,0.1707,0.05984
28.06,84.88,0.08671,0.02987,0.1628,0.05781
34.85,115,0.1559,0.3744,0.4724,0.1026
17.81,91.38,0.1427,0.09915,0.3469,0.09241
19.67,81.93,0.1415,0.2302,0.2787,0.07427
0.4981,2.011,0.005851,0.02544,0.01842,0.002918
1.199,2.765,0.005033,0.04755,0.01578,0.003224
1.075,3.425,0.005903,0.0473,0.01318,0.003892
27.98,88.52,0.1349,0.1366,0.2478,0.07757
24.3,129,0.1243,0.221,0.2567,0.05737
24.17,119.4,0.155,0.6872,0.4245,0.105
1.083,0.9812,0.0042,0.003846,0.01487,0.002295
16.3,76.25,0.1341,0.07116,0.2859,0.06772
0.9086,1.493,0.005298,0.02321,0.01853,0.002152
0.9527,2.329,0.005783,0.0007929,0.02043,0.001058
0.7813,5.438,0.01149,0.05688,0.01756,0.005115
0.905,0.9975,0.002887,0.01613,0.0187,0.001972
23.84,78,0.129,0.1444,0.24,0.06641
1.678,1.968,0.006908,0.006972,0.02694,0.00206
47.16,214,0.1401,0.3442,0.2868,0.08218
0.9505,1.566,0.006809,0.01329,0.02057,0.001784
15.38,94.52,0.1394,0.1559,0.216,0.07253
19.31,96.53,0.1034,0.0626,0.2136,0.0671
13.93,102,0.09462,0.07135,0.1816,0.05723
10.38,122.8,0.1184,0.3001,0.2419,0.07871
1.001,4.321,0.007392,0.03988,0.01435,0.003446
26.99,92.25,0.06995,0.03476,0.1707,0.05433
18.7,120.3,0.1148,0.1772,0.2092,0.0631
35.19,77.98,0.1499,0.1125,0.3409,0.08147
22.88,146.4,0.1412,0.3533,0.251,0.09445
12.91,98.17,0.08182,0.05892,0.1359,0.05526
1.219,1.546,0.005518,0.02589,0.02593,0.002157
0.6062,3.528,0.005015,0.03497,0.01543,0.003896
31.55,110.2,0.1077,0.3114,0.3163,0.09251
0.4336,1.391,0.004133,0.01652,0.01371,0.002735
19.82,130.7,0.1062,0.2417,0.1733,0.06697
1.678,2.331,0.005836,0.005812,0.02014,0.002326
26.44,199.5,0.1363,0.2861,0.251,0.06494
15.4,59.9,0.1733,0.1168,0.322,0.09026
20.66,117.8,0.1036,0.1201,0.1992,0.06069
18.59,85.09,0.1082,0.09603,0.2035,0.06501
13.9,88.59,0.1051,0.0786,0.1962,0.06303
0.9223,1.491,0.005251,0.02526,0.02514,0.004198
1.072,3.598,0.008699,0.0595,0.01495,0.005984
0.5505,6.311,0.00794,0.04658,0.02591,0.007054
1.001,3.008,0.009087,0.05546,0.02451,0.004005
25.27,102.4,0.1082,0.1683,0.1926,0.0654
19.14,113.1,0.1235,0.2114,0.3153,0.0896
15.54,87.4,0.09616,0.1186,0.2309,0.06915
13.66,94.29,0.09832,0.08222,0.1739,0.0564
1.04,2.579,0.00653,0.04712,0.0274,0.004651
0.5864,1.354,0.008261,0.03259,0.01708,0.003806
2.612,2.517,0.01604,0.01865,0.03476,0.00356
23.56,138.9,0.1007,0.2712,0.2205,0.05898
1.047,2.076,0.006298,0.02615,0.0149,0.003599
1.038,1.686,0.006662,0.02105,0.01677,0.002784
15.46,66.62,0.1053,0.006643,0.1788,0.0645
14.71,70.21,0.1006,0.02363,0.1566,0.06669
0.7198,0.8439,0.003492,0.004826,0.01536,0.001381
17.26,75.26,0.09087,0.02853,0.1847,0.06019
17.56,75.89,0.1073,0.05282,0.1598,0.06677
0.7213,2.143,0.006133,0.01615,0.02207,0.003563
22.02,79.93,0.119,0.1399,0.2676,0.06765
25.16,101.9,0.1624,0.2654,0.3518,0.08665
0.6509,1.446,0.004044,0.02,0.01522,0.001976
1.35,2.569,0.007501,0.02714,0.0196,0.003913
22.54,87.02,0.1002,0.08705,0.185,0.0731
36,88.1,0.1234,0.08653,0.2407,0.06484
20.74,76.08,0.1662,0.1256,0.278,0.1168
1.652,1.869,0.008146,0.01843,0.02015,0.001798
19.8,73.47,0.1341,0.02639,0.2615,0.08269
14.34,135.1,0.1003,0.198,0.1809,0.05883
15.82,84.07,0.08511,0.001461,0.1632,0.05894
16.35,99.71,0.1311,0.1759,0.238,0.08718
37.16,82.28,0.1298,0.363,0.2112,0.08732
1.93,3.909,0.008824,0.03112,0.01998,0.004506
18.05,105.1,0.09721,0.09447,0.1861,0.06248
0.9004,7.05,0.004989,0.03571,0.01879,0.00476
0.976,7.276,0.008029,0.03732,0.02308,0.007444
24.89,133.5,0.1703,0.5018,0.3109,0.09061
21.38,91.11,0.1256,0.1167,0.2661,0.07961
1.476,21.98,0.01345,0.06389,0.04783,0.004476
1.169,2.061,0.006429,0.05501,0.01961,0.008093
16.03,73.02,0.09076,0.02587,0.1634,0.06372
1.736,5.168,0.004938,0.04093,0.02816,0.002719
17.68,81.47,0.1054,0.07741,0.1811,0.07102
35.46,132.8,0.1436,0.5036,0.25,0.07944
17.39,75.27,0.1007,0.02353,0.1718,0.0578
19.24,88.73,0.07991,0.02995,0.1579,0.05594
25.53,152.5,0.1444,0.4504,0.3613,0.08758
16.4,116,0.1186,0.2229,0.304,0.07413
21.7,59.6,0.1044,0.02047,0.2025,0.06601
25.56,114.5,0.1006,0.1682,0.1308,0.05866
1.599,2.039,0.007149,0.07743,0.01789,0.01008
18.75,87.44,0.1075,0.04201,0.1723,0.06317
13.39,73,0.1164,0.04635,0.1771,0.06072
18.22,84.45,0.1218,0.04825,0.1709,0.07253
22.46,97.19,0.09711,0.1564,0.235,0.07014
14.64,58.79,0.09783,0.08606,0.1902,0.0898
0.9264,2.056,0.003704,0.0153,0.01062,0.002217
20.45,92,0.1128,0.0112,0.2651,0.08385
1.006,1.471,0.003535,0.018,0.01254,0.001219
15.94,126.3,0.08694,0.1193,0.1741,0.05176
25.48,86.16,0.1271,0.1046,0.1712,0.07343
32.82,129.3,0.1414,0.2902,0.3437,0.08631
1.768,1.628,0.01215,0.05553,0.0184,0.005512
1.931,4.493,0.008074,0.05321,0.02383,0.004515
22,90.81,0.1097,0.1764,0.3024,0.06949
1.045,4.851,0.007974,0.04435,0.01617,0.005255
28.07,120.3,0.08774,0.1882,0.2527,0.05972
25.22,68.01,0.09657,0.02379,0.1897,0.06329
0.8902,2.217,0.00751,0.03672,0.02165,0.005082
30.8,113.9,0.1613,0.4069,0.3179,0.1055
1.439,2.344,0.007257,0.01832,0.01694,0.002001
30.9,161.4,0.1509,0.6091,0.3672,0.1123
24.99,85.22,0.128,0.1471,0.2535,0.07993
26.47,127.9,0.09401,0.1657,0.1853,0.06261
13.21,97.65,0.07963,0.03393,0.1721,0.05544
21.75,103.7,0.1011,0.04746,0.253,0.05695
15.67,62.56,0.1207,0.1434,0.2254,0.1084
14.44,74.65,0.09984,0.06737,0.1818,0.06782
1.169,3.176,0.005273,0.01405,0.01816,0.003299
32.19,86.12,0.1768,0.1395,0.2803,0.0997
16.49,81.37,0.09831,0.03653,0.159,0.05653
1.018,2.749,0.004107,0.02821,0.0161,0.002744
12.84,74.34,0.08983,0.04196,0.162,0.06582
30.25,102.5,0.1094,0.2085,0.2994,0.07146
33.15,143.2,0.1449,0.392,0.2623,0.07599
1.095,1.778,0.005293,0.02071,0.01748,0.002848
12.96,73.16,0.1237,0.079,0.2018,0.06914
24.85,94.22,0.1343,0.2573,0.3113,0.08317
1.299,2.397,0.003629,0.03452,0.02632,0.003705
31.89,54.49,0.1596,0.3393,0.279,0.1066
21.41,82.02,0.08749,0.03112,0.1694,0.06287
28.03,113.8,0.1301,0.363,0.3175,0.09772
14.23,84.08,0.09462,0.03738,0.1652,0.07238
23.5,89.04,0.09388,0.05186,0.2179,0.06871
17.53,64.41,0.1007,0.02511,0.189,0.06331
14.63,78.04,0.1031,0.06592,0.1675,0.06043
25.8,88.33,0.1432,0.1603,0.3049,0.07081
1.152,6.051,0.00874,0.02721,0.02045,0.004417
18.04,69.47,0.2006,0.2913,0.2848,0.1364
1.809,2.642,0.009098,0.03763,0.01878,0.005672
29.33,140.5,0.1558,0.3889,0.3216,0.0757
1.687,1.243,0.006588,0.0145,0.01574,0.002268
35.9,159.8,0.1782,0.5754,0.3258,0.0972
0.7615,1.09,0.009191,0.0094,0.01755,0.003009
0.9429,1.831,0.009282,0.02063,0.02183,0.002146
21.53,76.53,0.09768,0.03328,0.1688,0.06194
1.74,3.027,0.01459,0.04961,0.01807,0.005217
18.59,70.39,0.1004,0.04944,0.1486,0.06615
16.62,70.47,0.08151,0.01369,0.1511,0.06148
17.24,108.5,0.1223,0.2492,0.2626,0.07048
1.391,4.129,0.006123,0.02626,0.02091,0.003493
25.72,82.98,0.1085,0.05523,0.2433,0.06563
0.8073,1.959,0.005403,0.01051,0.01333,0.002065
18.9,60.07,0.09968,0.1975,0.233,0.08743
16.95,96.22,0.09855,0.02602,0.178,0.0565
20.71,106.9,0.1169,0.1478,0.1948,0.06277
1.203,1.93,0.009895,0.0163,0.02258,0.002272
0.8509,7.222,0.006369,0.04266,0.02335,0.003385
1.466,5.574,0.006248,0.05196,0.02007,0.00456
19.22,107.1,0.1243,0.2914,0.2375,0.07603
18.94,75.51,0.08871,0.02669,0.1533,0.06057
16.35,65.31,0.09434,0.01012,0.1885,0.06201
0.8652,1.444,0.005517,0.02045,0.01616,0.002922
28.22,184.2,0.1228,0.3948,0.3589,0.09187
1.667,3.767,0.03113,0.1438,0.02175,0.01256
20.98,54.66,0.1243,0.03,0.1828,0.06757
1.489,2.23,0.008902,0.07339,0.02728,0.00761
37.88,85.07,0.1208,0.1811,0.2447,0.08194
24.11,90.82,0.1297,0.08112,0.3196,0.06435
18.93,79.73,0.1102,0.3021,0.2157,0.1043
24.8,132.4,0.0974,0.2065,0.2397,0.078
30.93,145.3,0.139,0.3912,0.3007,0.08314
30.62,103.4,0.1048,0.255,0.2128,0.07152
1.077,2.873,0.004714,0.03697,0.01237,0.002556
19.58,115.9,0.1206,0.231,0.2778,0.07012
41.61,96.69,0.1172,0.07003,0.2196,0.07675
23.64,89.27,0.1256,0.1992,0.3604,0.07062
27.26,132.7,0.1446,0.5274,0.427,0.1233
18.75,73.34,0.09524,0.03036,0.192,0.05907
0.8732,1.471,0.007962,0.01585,0.02254,0.001906
33.62,211.7,0.1573,0.6476,0.2355,0.1051
0.9622,3.591,0.008081,0.05551,0.02545,0.004312
25.12,130.4,0.1015,0.2545,0.2202,0.06113
24.69,87.76,0.09258,0.05285,0.1761,0.0613
1.479,1.445,0.01547,0.09252,0.02105,0.007551
21.58,86.18,0.08162,0.0311,0.1784,0.05587
11.89,102.5,0.1257,0.2032,0.1966,0.07069
33.56,103.7,0.1063,0.1751,0.2091,0.0665
1.067,2.569,0.01038,0.09472,0.01219,0.01233
28.14,170.1,0.1624,0.3879,0.3537,0.08294
30.5,130.3,0.1855,0.7356,0.3274,0.1252
17.46,83.05,0.08044,0.0739,0.1574,0.0575
13.14,64.12,0.1255,0.1188,0.2057,0.09575
0.9901,4.706,0.004578,0.04005,0.01948,0.002689
19.1,97.03,0.08992,0.0594,0.1879,0.05852
13.17,90.31,0.1248,0.101,0.1976,0.06457
0.9227,2,0.007803,0.01835,0.01278,0.003856
21.98,68.79,0.08801,0.03614,0.2016,0.05977
20.49,96.09,0.1312,0.189,0.3184,0.08183
17.08,113,0.1008,0.1266,0.1813,0.05613
18.57,125.5,0.1053,0.1323,0.1917,0.05961
23.75,91.56,0.1323,0.1558,0.2251,0.07421
0.8522,3.168,0.01721,0.05671,0.02541,0.02193
1.231,2.363,0.008499,0.1535,0.01617,0.0122
19.4,63.95,0.1005,0.06154,0.1945,0.06322
33.88,123.8,0.1181,0.1459,0.2948,0.08452
1.161,7.237,0.006056,0.05638,0.01884,0.004787
28.2,61.68,0.07984,0.01541,0.1621,0.05952
0.78,4.115,0.008482,0.068,0.01467,0.007259
0.967,1.356,0.007086,0.01012,0.0156,0.002606
13.23,114.6,0.07838,0.04445,0.122,0.05243
19.32,115.1,0.08968,0.1036,0.1506,0.05491
26.83,133.7,0.09905,0.1641,0.1875,0.0602
23.17,71.79,0.1398,0.02085,0.3196,0.08009
0.6946,1.479,0.004348,0.004272,0.02154,0.001802
28.77,133.6,0.0926,0.1784,0.1893,0.06232
23.06,111,0.08662,0.02891,0.1564,0.05307
29.16,99.48,0.1349,0.3162,0.4128,0.1076
22.33,85.26,0.1088,0.1695,0.2123,0.07254
24.61,96.31,0.09329,0.1604,0.3207,0.07247
20.2,166.2,0.1447,0.4268,0.2655,0.06877
18.66,85.98,0.1158,0.1226,0.2128,0.06777
0.7859,3.094,0.00624,0.02813,0.01397,0.002461
35.34,87.22,0.1909,0.4023,0.2964,0.09606
20.82,88.4,0.1016,0.1063,0.172,0.06419
22.53,102.1,0.09947,0.2733,0.2041,0.06898
1.012,3.498,0.005233,0.03576,0.01768,0.002967
18.06,64.6,0.09699,0.1307,0.1669,0.08116
28.81,87,0.155,0.2758,0.3206,0.0895
32.04,83.69,0.1303,0.1927,0.2965,0.07662
21.98,124.3,0.1435,0.4956,0.3019,0.09124
15.11,63.76,0.09267,0.001597,0.1703,0.06048
26.42,104.4,0.1064,0.1673,0.2356,0.07603
30.73,202.4,0.1515,0.4819,0.2593,0.07738
1.069,2.257,0.006983,0.04683,0.0168,0.005617
0.7476,2.629,0.005839,0.03715,0.01467,0.003121
21.87,182.1,0.1094,0.2871,0.18,0.0577
9.71,68.77,0.09594,0.02531,0.1381,0.064
0.7629,4.414,0.004253,0.03872,0.01798,0.005295
22.14,134.7,0.0909,0.164,0.1765,0.05024
25.5,115,0.1201,0.6556,0.2845,0.1249
26.29,129.1,0.1215,0.1937,0.1634,0.07224
31.39,145.6,0.1465,0.3965,0.3109,0.0761
1.908,1.937,0.006664,0.01158,0.02282,0.003526
19.66,131.1,0.0802,0.1155,0.1928,0.05096
0.9225,3.218,0.006176,0.02913,0.01559,0.002725
0.6583,2.805,0.005393,0.04303,0.01792,0.004168
25.05,130,0.1111,0.1932,0.3275,0.06469
19.35,93.22,0.1326,0.3476,0.3006,0.07802
22.11,97.53,0.08515,0.06859,0.1944,0.05913
19.64,97.96,0.1275,0.2569,0.3387,0.09638
22.84,71.94,0.1406,0.06572,0.3055,0.08797
1.373,2.099,0.005884,0.01872,0.01884,0.001817
1.194,1.885,0.009549,0.3038,0.04197,0.009559
0.7372,3.814,0.005508,0.04436,0.02427,0.004841
18.03,78.29,0.09087,0.02916,0.1464,0.06284
1.156,3.445,0.00911,0.05661,0.05963,0.009208
30.7,115.7,0.1368,0.3587,0.3698,0.1094
19.69,92.12,0.09926,0.3344,0.1999,0.07127
17.84,77.79,0.1045,0.0249,0.19,0.06635
1.278,1.903,0.005345,0.02889,0.009947,0.003359
1.127,4.303,0.004728,0.01715,0.01083,0.001987
23.07,71.25,0.1233,0.4341,0.2982,0.09825
0.8937,1.897,0.006532,0.02905,0.01743,0.003643
1.29,2.861,0.005872,0.02647,0.01465,0.002355
23.03,150.2,0.1054,0.2606,0.3055,0.05933
15.71,85.63,0.1075,0.04568,0.1967,0.06811
1.03,1.318,0.01262,0.018,0.0222,0.008313
1.041,5.144,0.007959,0.04257,0.01341,0.003933
41.78,78.44,0.09994,0.02318,0.2911,0.07307
23.21,128.9,0.101,0.1856,0.1989,0.05884
1.911,3.769,0.009845,0.1027,0.03491,0.007877
1.845,3.534,0.01088,0.03688,0.04499,0.004768
1.601,0.873,0.006261,0.03079,0.01962,0.00225
29.43,81.35,0.08276,0.01997,0.1539,0.05637
24.23,123.5,0.1551,0.5203,0.2834,0.08234
1.139,1.577,0.005096,0.00941,0.01608,0.002399
1.305,4.312,0.00553,0.0611,0.0214,0.005036
19.74,83.61,0.09958,0.03046,0.2731,0.06825
1.77,4.36,0.007762,0.0996,0.04077,0.02286
20.79,79.67,0.1531,0.09823,0.2851,0.08763
27.66,112,0.1131,0.2322,0.2809,0.06287
1.214,2.595,0.007491,0.000692,0.0219,0.00299
18.99,77.37,0.1259,0.004955,0.2758,0.06386
1.322,2.873,0.007017,0.01949,0.02951,0.001533
14.96,71.49,0.1033,0.05397,0.1776,0.06907
0.7927,1.819,0.008584,0.03047,0.02769,0.003479
35.74,88.84,0.1227,0.2439,0.2372,0.07242
30.53,144.9,0.1463,0.3458,0.292,0.07614
0.538,1.301,0.004474,0.02757,0.01212,0.004672
26.21,88.91,0.1358,0.1956,0.3168,0.07987
17.12,121.4,0.1054,0.1457,0.1966,0.06213
1.39,1.787,0.02177,0.05189,0.02632,0.01148
17.6,123.7,0.1099,0.1974,0.1907,0.06049
0.8301,1.215,0.01164,0.01186,0.02383,0.00354
37.18,106.4,0.1533,0.8488,0.5166,0.1446
15.9,78.83,0.0808,0.03844,0.1667,0.05474
26.93,205.7,0.1342,0.4658,0.3157,0.09671
22.91,105.7,0.1155,0.2133,0.2096,0.07331
1.108,2.224,0.004242,0.06578,0.01638,0.004406
0.9858,1.809,0.006635,0.02101,0.02108,0.003721
0.6724,2.225,0.006583,0.005949,0.02216,0.002668
21.94,59.01,0.0924,0.03996,0.1692,0.06576
23.75,103.4,0.1791,0.5355,0.3985,0.1244
23.2,110.2,0.1109,0.3176,0.2495,0.08104
2.342,1.17,0.004352,0.01343,0.02671,0.001777
25.2,95.54,0.09387,0.02398,0.1565,0.05504
29.81,96.71,0.0832,0.04686,0.1852,0.05294
17.48,80.64,0.1042,0.05892,0.1779,0.06588
20.07,60.9,0.09861,0.01472,0.2991,0.07804
1.583,1.165,0.009501,0.04401,0.01322,0.003534
1.016,5.029,0.01082,0.035,0.0155,0.001948
0.9017,5.455,0.006048,0.02741,0.01468,0.002801
1.554,1.955,0.006854,0.06663,0.02354,0.008925
25.59,69.1,0.1199,0.0935,0.2552,0.0792
26.1,98.91,0.105,0.106,0.2335,0.06263
19.67,152.8,0.1326,0.4264,0.2556,0.07039
21.9,147.2,0.1063,0.2448,0.1824,0.0614
27.96,87.16,0.1347,0.7436,0.3308,0.1297
0.828,2.363,0.007571,0.02623,0.0193,0.001676
28.01,206.8,0.1701,0.9608,0.4055,0.09789
20.01,114.2,0.08402,0.07293,0.2129,0.05025
21.17,76.39,0.09773,0.02555,0.2019,0.0629
22.06,82.08,0.1166,0.005518,0.2815,0.07418
31.68,129.7,0.1395,0.2992,0.348,0.07619
1.143,2.289,0.01017,0.01861,0.03464,0.001971
0.3981,2.537,0.004732,0.01855,0.02163,0.002783
21.43,122.9,0.09116,0.106,0.1953,0.06083
28.68,87.36,0.1452,0.1688,0.2268,0.09082
1.51,2.59,0.007807,0.05112,0.0286,0.005715
0.8733,3.061,0.007231,0.02509,0.01414,0.003336
24.52,114.2,0.1071,0.1692,0.1927,0.06487
20.29,74.35,0.103,0.0458,0.2383,0.07083
16.21,82.38,0.09425,0.039,0.201,0.05769
31.45,83.9,0.1204,0.06194,0.3059,0.07626
26.4,166.1,0.141,0.4107,0.206,0.07115
30.29,125.9,0.1552,0.3976,0.3993,0.1064
19.34,94.25,0.08388,0.08817,0.1473,0.05746
17.12,71.25,0.1194,0.04063,0.1954,0.07976
25.27,129,0.1314,0.2802,0.2792,0.08158
21.74,98.37,0.1185,0.1456,0.2955,0.06912
2.112,4.906,0.0138,0.04665,0.02689,0.004306
10.72,73.73,0.08597,0.01367,0.1833,0.061
20.83,90.2,0.1189,0.09366,0.2196,0.07451
0.8561,4.603,0.00491,0.02822,0.01956,0.00374
0.6218,1.709,0.003728,0.01988,0.01647,0.00197
20.67,134.7,0.09156,0.1523,0.2166,0.05419
22.35,104.5,0.1006,0.135,0.2027,0.06206
17.35,134.8,0.09446,0.1527,0.1571,0.05478
28.74,172,0.1502,0.7053,0.3828,0.1007
29.94,151.7,0.1037,0.3639,0.3176,0.1023
20.22,94.49,0.09872,0.118,0.195,0.06466
0.8927,1.059,0.003653,0.01633,0.01537,0.002052
17.31,73.66,0.1092,0.02031,0.1645,0.06562
15.7,84.08,0.07818,0.1115,0.1432,0.05935
23.02,89.69,0.1172,0.181,0.3297,0.07834
10.82,73.34,0.09373,0.03512,0.1667,0.06113
1.153,2.701,0.004481,0.01358,0.01069,0.001435
37.38,162.7,0.1223,0.4146,0.2437,0.08328
19.86,66.72,0.107,0.04831,0.1737,0.0644
1.49,3.399,0.005298,0.1435,0.02566,0.01298
1.127,2.564,0.007364,0.05263,0.02161,0.00483
0.6457,1.527,0.006131,0.009075,0.01713,0.004414
21.74,93.63,0.1475,0.1423,0.3071,0.08557
44.87,141.2,0.1365,0.3241,0.2853,0.08496
20.52,138.1,0.09684,0.1572,0.1554,0.05661
24.27,155.1,0.1069,0.2308,0.1797,0.05506
25.09,126.9,0.1365,0.5026,0.277,0.1063
1.363,1.737,0.005638,0.005254,0.01544,0.002087
21.84,87.16,0.07956,0.04072,0.1635,0.05859
19.08,125.1,0.139,0.6305,0.4667,0.09946
13.84,82.71,0.08352,0.004559,0.1453,0.05518
0.9462,1.564,0.003245,0.01698,0.01285,0.001524
33.58,148.7,0.1275,0.5673,0.3305,0.08465
1.375,2.916,0.0119,0.04907,0.01641,0.001807
28.06,113.8,0.1246,0.2866,0.2282,0.06954
27.66,153.2,0.1442,0.3784,0.3063,0.08368
0.8208,6.372,0.005283,0.09518,0.02401,0.005002
1.43,1.109,0.006064,0.01042,0.02349,0.001661
14.7,94.66,0.08472,0.03416,0.1659,0.05348
14.02,74.24,0.07813,0.02245,0.2101,0.06113
38.25,155,0.1166,0.3215,0.2572,0.06637
31.98,100.4,0.1017,0.1472,0.2345,0.06464
0.7786,1.874,0.005833,0.02,0.01938,0.00196
19.07,97.26,0.09215,0.07486,0.1561,0.05915
25.84,139.5,0.1381,0.3508,0.2928,0.07867
25.11,132.9,0.1418,0.3583,0.2463,0.07738
23.03,132.4,0.09078,0.1465,0.2095,0.05649
16.82,72.01,0.1216,0.03938,0.1902,0.07313
13.04,72.23,0.09834,0.03265,0.1769,0.0627
21.08,102.9,0.112,0.1522,0.2085,0.06864
16.21,88.52,0.08743,0.01502,0.1424,0.05883
28.26,77.8,0.1087,0.1564,0.3169,0.08032
31.24,68.73,0.1526,0.06141,0.2872,0.08304
18.99,79.46,0.1359,0.07153,0.222,0.06033
1.627,3.043,0.006831,0.02489,0.03151,0.00175
1.051,7.733,0.005568,0.02096,0.01263,0.001803
0.7339,1.667,0.005884,0.02631,0.01848,0.001982
22.13,114.4,0.08999,0.09697,0.2108,0.05464
16.36,83.24,0.09439,0.01674,0.228,0.07028
0.9961,1.529,0.005617,0.0009737,0.017,0.00203
26.14,79.29,0.1118,0.07529,0.3267,0.06994
14.4,56.36,0.07005,0.003681,0.1788,0.06833
0.7975,5.486,0.004444,0.02269,0.01386,0.001698
1.467,1.994,0.003495,0.03445,0.02912,0.004723
27.82,88.28,0.1101,0.2298,0.2767,0.07198
23.4,68.62,0.1221,0.4609,0.3135,0.1055
21.18,75.39,0.1521,0.00692,0.2933,0.07697
18.4,79.83,0.08393,0.00186,0.1697,0.05855
1.336,2.066,0.005868,0.02021,0.02087,0.002583
22.28,144.4,0.1167,0.281,0.2162,0.06606
18.58,118.6,0.08588,0.08169,0.1621,0.05425
34.66,157.6,0.1218,0.4734,0.4045,0.07918
13.98,93.86,0.1099,0.06895,0.165,0.06121
29.87,116.6,0.1401,0.2644,0.2884,0.07371
18.68,88.73,0.09916,0.05385,0.1714,0.06843
26.97,153.5,0.09509,0.195,0.1909,0.06309
24.49,92.33,0.1162,0.1357,0.2275,0.07237
20.86,137.8,0.1046,0.2085,0.2127,0.06251
26.37,161.2,0.1327,0.2702,0.2609,0.06735
35.27,108.6,0.1265,0.3169,0.2651,0.07397
27.04,62.06,0.1639,0.09001,0.2972,0.07712
20.65,94.44,0.08567,0.03866,0.2458,0.0612
21.08,92.8,0.1547,0.1791,0.2382,0.08553
21.61,82.69,0.1144,0.1226,0.2208,0.07638
2.904,1.936,0.0082,0.05738,0.01488,0.004738
31.88,91.06,0.1218,0.04462,0.2306,0.06291
21.96,57.26,0.1297,0.0688,0.3105,0.07409
19.31,114.2,0.1136,0.3402,0.2954,0.08362
0.6342,3.797,0.004649,0.02749,0.01365,0.00255
2.188,8.077,0.006883,0.01818,0.007882,0.001754
22.3,86.91,0.08752,0.04751,0.1809,0.05718
0.6745,0.757,0.003265,0.006493,0.0172,0.00136
0.7477,1.383,0.004097,0.01698,0.01678,0.002425
16.9,110.4,0.1297,0.1632,0.3062,0.06072
39.42,184.6,0.165,0.9387,0.4087,0.124
21.35,71.9,0.1227,0.1044,0.1895,0.0687
25.09,143,0.1099,0.3174,0.2149,0.06879
19.6,88.68,0.08684,0.01342,0.1555,0.05673
21.59,95.55,0.1137,0.1293,0.2027,0.06758
24.91,171.5,0.1063,0.3339,0.1829,0.06782
45.41,180.2,0.1408,0.3995,0.2713,0.07568
22.91,89.61,0.145,0.2403,0.2556,0.09359
28.25,131.2,0.0978,0.144,0.1752,0.05533
21.46,132.5,0.08355,0.09042,0.1467,0.05177
16.39,99.58,0.115,0.1138,0.2001,0.06467
1.336,2.31,0.004449,0.03312,0.01906,0.004015
17.37,96.59,0.1166,0.2866,0.2736,0.0732
0.6123,1.334,0.00335,0.01452,0.01113,0.00172
21.02,124.4,0.123,0.3189,0.2113,0.07115
26.29,68.81,0.1316,0.02049,0.1934,0.08988
1.506,4.174,0.01052,0.04912,0.0212,0.004867
13.16,87.88,0.09646,0.03888,0.136,0.06344
27.57,125.4,0.1419,0.9019,0.2866,0.1155
0.5733,1.102,0.00445,0.01334,0.01698,0.002787
0.6237,2.561,0.004953,0.03035,0.01539,0.002281
0.8907,2.044,0.006032,0.02259,0.01482,0.002496
1.473,2.326,0.007802,0.01341,0.02086,0.002701
18.2,78.07,0.1171,0.01854,0.2738,0.07685
0.7886,2.058,0.008462,0.02387,0.0198,0.0023
14.98,67.49,0.09816,0.06335,0.1925,0.06915
17.43,84.13,0.07215,0.04336,0.1487,0.05635
30.28,98.27,0.1287,0.06231,0.2226,0.07617
18.17,91.22,0.06576,0.02475,0.1635,0.05586
31.71,102.2,0.1312,0.2675,0.2477,0.06836
18.18,127.2,0.1037,0.1626,0.1893,0.05892
20.97,73.81,0.1102,0.04591,0.1842,0.07005
34.49,152.1,0.16,0.2639,0.301,0.0906
19.26,99.7,0.144,0.239,0.2977,0.07259
22.15,130,0.09831,0.1479,0.1582,0.05395
28.36,92.15,0.1429,0.1377,0.2668,0.08174
23.03,79.15,0.1483,0.1624,0.306,0.06783
22.66,119.8,0.1765,0.4429,0.3258,0.1191
28.46,95.29,0.1118,0.07698,0.2687,0.07429
34.12,126.7,0.1139,0.3403,0.2218,0.0782
2.239,1.437,0.01205,0.04804,0.01843,0.004938
18.18,76.38,0.1175,0.102,0.1957,0.07255
19.48,101.7,0.1092,0.1466,0.1931,0.05796
1.363,2.054,0.00744,0.02337,0.02203,0.004154
0.9027,1.208,0.006513,0.002817,0.01502,0.002821
24.47,75.4,0.09527,0.1925,0.2868,0.07809
26.44,79.93,0.1369,0.1067,0.2998,0.07881
1.851,1.895,0.006113,0.04645,0.01451,0.003756
18,83.19,0.09934,0.03889,0.1718,0.05997
1.361,4.542,0.005467,0.03185,0.01029,0.002205
0.6372,1.729,0.003958,0.01831,0.015,0.001621
17.7,65.27,0.1015,0.09441,0.2434,0.07431
1.317,2.577,0.005726,0.01246,0.01411,0.001578
19.04,71.8,0.08139,0.03709,0.1516,0.05667
26.38,91.93,0.1385,0.4504,0.5774,0.103
0.9053,8.589,0.006399,0.05373,0.03003,0.006193
1.341,1.184,0.005724,0.002074,0.01445,0.002411
34.69,135.1,0.1315,0.208,0.2504,0.07948
19.49,71.04,0.1292,0.8216,0.3108,0.1259
2.878,2.759,0.01474,0.01367,0.03044,0.00459
16.62,88.97,0.06828,0.02224,0.1813,0.05536
16.85,84.11,0.1048,0.04921,0.2298,0.05974
21.54,106.2,0.1008,0.1043,0.216,0.05891
17.93,114.2,0.122,0.2151,0.3109,0.08187
23.5,129.1,0.1027,0.2049,0.1978,0.06
21.4,152.4,0.1545,0.3853,0.4066,0.1059
18.07,79.42,0.07436,0.001194,0.1528,0.05185
25.21,76.51,0.1335,0.2534,0.2605,0.08701
19.9,79.76,0.1418,0.2299,0.3301,0.0908
22.15,95.29,0.1533,0.3582,0.323,0.1033
0.9245,6.462,0.006292,0.03582,0.01479,0.003118
1.268,5.373,0.009407,0.06899,0.017,0.006113
0.4957,0.7714,0.003681,0.008732,0.01129,0.001366
21.68,129.9,0.09797,0.1863,0.2082,0.05715
28.08,108.3,0.08455,0.09251,0.159,0.05648
25.02,75.79,0.1333,0.1144,0.2454,0.08136
1.581,4.895,0.008102,0.03342,0.02045,0.00457
1.016,1.535,0.006794,0.0398,0.02134,0.004603
20.99,147.3,0.09401,0.2195,0.1721,0.06194
33.48,176.5,0.1491,0.678,0.4098,0.1284
28.92,82.5,0.08123,0.06195,0.1566,0.05708
15.79,88.37,0.08817,0.01055,0.1405,0.05848
0.9078,2.602,0.007702,0.01307,0.0297,0.001432
17.81,146.6,0.1124,0.2264,0.2443,0.06251
1.019,2.657,0.005878,0.04815,0.02028,0.004022
21.53,97.41,0.1054,0.1425,0.2252,0.06924
0.6674,1.116,0.003888,0.01256,0.01608,0.001638
1.19,1.678,0.004911,0.01397,0.01454,0.001858
0.504,1.714,0.007327,0.01798,0.01962,0.002234
