MONTH,BH,HB,JCLB,JCMC,SQ,TB,BQ
2018-11-01,179,-0.028884,蔬菜,生姜,7.33,-0.081577,7.12
2018-11-01,180,-0.069219,蔬菜,蒜头,5.71,-0.159773,5.32
2018-11-01,181,-0.29444,蔬菜,大白菜,2.9,-0.007801,2.05
2018-11-01,182,-0.123866,蔬菜,卷心菜,2.8,-0.071917,2.46
2018-11-01,183,-0.304283,蔬菜,菠菜,7.32,-0.166791,5.09
2018-11-01,184,-0.201476,蔬菜,上海青,4.39,-0.069918,3.51
2018-11-01,185,-0.232718,蔬菜,芹菜,7.97,-0.039168,6.11
2018-11-01,186,-0.155987,蔬菜,韭菜,5.53,0.057792,4.67
2018-11-01,187,-0.24488,蔬菜,油麦菜,5.04,-0.029335,3.8
2018-11-01,188,-0.220364,蔬菜,菜心,5.63,-0.066798,4.39
2018-11-01,189,-0.335009,蔬菜,生菜,5.38,-0.106221,3.58
2018-11-01,190,-0.056288,蔬菜,蒜苗,7.25,0.055312,6.85
2018-11-01,191,0.022368,蔬菜,冬瓜,2.29,0.125779,2.35
2018-11-01,192,-0.220793,蔬菜,黄瓜,4.83,-0.027227,3.76
2018-11-01,193,-0.180718,蔬菜,西红柿,6.92,0.261533,5.67
2018-11-01,194,-0.053689,蔬菜,茄子,4.49,-0.011416,4.25
2018-11-01,195,-0.222162,蔬菜,白萝卜,2.3,-0.130666,1.79
2018-11-01,196,-0.040648,蔬菜,胡萝卜,3.59,0.14473,3.45
2018-11-01,197,-0.151743,蔬菜,尖椒,5.99,0.219824,5.08
2018-11-01,198,-0.159573,蔬菜,青圆椒,8.39,0.412341,7.05
2018-11-01,199,-0.080348,蔬菜,豆角,5.67,-0.021384,5.21
2018-11-01,200,-0.104779,蔬菜,白花菜,6.85,0.164711,6.14
2018-11-01,201,-0.05734,蔬菜,土豆,3.35,0.06606,3.16
2018-11-01,202,-0.200467,蔬菜,西芹,6.04,0.13949,4.83
2018-11-01,203,-0.146552,蔬菜,丝瓜,6.76,-0.021547,5.77
2018-11-01,204,-0.219542,蔬菜,莴笋,4.41,-0.075864,3.44
2018-11-01,205,-0.271668,蔬菜,西洋菜,6.87,-0.086148,5
2018-11-01,206,-0.13285,蔬菜,芥菜,4.69,-0.001995,4.07
2018-11-01,207,-0.079355,蔬菜,通心菜,4.69,0.013351,4.32
2018-11-01,208,-0.21219,蔬菜,芥兰,6.28,-0.033291,4.95
2018-11-01,209,-0.063471,蔬菜,南瓜,2.26,-0.092773,2.12
2018-11-01,210,-0.009434,蔬菜,莲藕,4.84,-0.02343,4.8
2018-11-01,211,-0.143841,蔬菜,奶白菜,5.41,0.016174,4.63
2018-11-01,212,-0.151234,蔬菜,苦瓜,5.94,-0.027383,5.04
2019-02-01,338,0.018637,蔬菜,生姜,7.06,0.012441,7.19
2019-02-01,339,0.073067,蔬菜,蒜头,5.6,-0.077751,6.01
2019-02-01,340,0.212162,蔬菜,大白菜,1.85,0.132327,2.24
2019-02-01,341,0.127214,蔬菜,卷心菜,2.23,-0.007311,2.52
2019-02-01,342,0.011614,蔬菜,菠菜,5.53,-0.115577,5.59
2019-02-01,343,0.059965,蔬菜,上海青,4.12,-0.079205,4.36
2018-12-01,232,-0.010592,蔬菜,生姜,7.12,-0.075121,7.04
2018-12-01,233,0.015199,蔬菜,蒜头,5.32,-0.176116,5.4
2018-12-01,234,-0.147382,蔬菜,大白菜,2.05,-0.035465,1.75
2018-12-01,235,-0.06721,蔬菜,卷心菜,2.46,-0.127532,2.29
2018-12-01,236,0.008609,蔬菜,菠菜,5.09,-0.053734,5.13
2018-12-01,237,0.027973,蔬菜,上海青,3.51,0.036768,3.61
2018-12-01,238,-0.173375,蔬菜,芹菜,6.11,-0.107289,5.05
2018-12-01,239,0.005777,蔬菜,韭菜,4.67,0.047653,4.7
2018-12-01,240,-0.065522,蔬菜,油麦菜,3.8,-0.042252,3.56
2018-12-01,241,0.057839,蔬菜,菜心,4.39,-0.153271,4.65
2018-12-01,242,-0.111825,蔬菜,生菜,3.58,-0.067367,3.18
2018-12-01,243,0.000049,蔬菜,蒜苗,6.85,0.059374,6.85
2018-12-01,244,-0.016205,蔬菜,冬瓜,2.35,0.084859,2.31
2018-12-01,245,0.242161,蔬菜,黄瓜,3.76,0.192421,4.67
2018-12-01,246,-0.099549,蔬菜,西红柿,5.67,0.174497,5.1
2018-12-01,247,0.018977,蔬菜,茄子,4.25,-0.05075,4.33
2018-12-01,248,-0.044399,蔬菜,白萝卜,1.79,-0.06367,1.71
2018-12-01,249,-0.016614,蔬菜,胡萝卜,3.45,0.09225,3.39
2018-12-01,250,-0.259374,蔬菜,尖椒,5.08,-0.174971,3.76
2018-12-01,251,-0.221902,蔬菜,青圆椒,7.05,0.06159,5.49
2018-12-01,252,0.19092,蔬菜,豆角,5.21,-0.045569,6.21
2018-12-01,253,-0.097271,蔬菜,白花菜,6.14,0.082151,5.54
2018-12-01,254,0.007785,蔬菜,土豆,3.16,0.082111,3.18
2018-12-01,255,-0.156815,蔬菜,西芹,4.83,-0.043527,4.07
2018-12-01,256,-0.027923,蔬菜,丝瓜,5.77,-0.133713,5.61
2018-12-01,257,-0.057709,蔬菜,莴笋,3.44,-0.055232,3.24
2018-12-01,258,0.004898,蔬菜,西洋菜,5,-0.001151,5.03
2018-12-01,259,-0.096413,蔬菜,芥菜,4.07,-0.049504,3.68
2018-12-01,260,0.114359,蔬菜,通心菜,4.32,0.031028,4.81
2018-12-01,261,-0.04076,蔬菜,芥兰,4.95,-0.092555,4.75
2018-12-01,262,0.004553,蔬菜,南瓜,2.12,-0.093519,2.13
2018-12-01,263,0.006917,蔬菜,莲藕,4.8,-0.015026,4.83
2018-12-01,264,-0.018573,蔬菜,奶白菜,4.63,0.065113,4.55
2018-12-01,265,-0.00179,蔬菜,苦瓜,5.04,-0.031218,5.03
2019-02-01,346,0.157594,蔬菜,油麦菜,3.79,0.005396,4.39
2019-02-01,344,0.228487,蔬菜,芹菜,4.83,0.010152,5.94
2019-02-01,345,-0.02917,蔬菜,韭菜,5.49,0.01102,5.33
2019-02-01,347,0.11199,蔬菜,菜心,5.2,-0.205882,5.78
2019-02-01,348,0.242057,蔬菜,生菜,3.66,-0.031464,4.55
2019-02-01,349,0.120017,蔬菜,蒜苗,7.08,0.131139,7.93
2019-02-01,350,-0.015786,蔬菜,冬瓜,2.57,-0.063251,2.53
2019-02-01,351,0.236629,蔬菜,黄瓜,4.83,0.114531,5.97
2019-02-01,352,0.088031,蔬菜,西红柿,4.79,0.106103,5.21
2019-02-01,353,0.024858,蔬菜,茄子,4.72,-0.213209,4.84
2019-02-01,354,0.19533,蔬菜,白萝卜,1.91,-0.067522,2.28
2019-02-01,355,0.038059,蔬菜,胡萝卜,3.48,-0.044971,3.61
2019-02-01,356,0.22907,蔬菜,尖椒,3.91,-0.202517,4.81
2019-02-01,357,0.187754,蔬菜,青圆椒,5.4,0.078029,6.41
2019-02-01,358,0.314204,蔬菜,豆角,6.74,0.071422,8.86
2019-02-01,359,-0.049231,蔬菜,白花菜,5.19,-0.147884,4.94
2019-02-01,360,0.029882,蔬菜,土豆,3.31,0.105053,3.41
2019-02-01,361,0.239158,蔬菜,西芹,3.87,0.119238,4.8
2019-02-01,362,-0.024787,蔬菜,丝瓜,6.52,-0.183434,6.36
2019-02-01,363,0.09593,蔬菜,莴笋,3.42,-0.027171,3.75
2019-02-01,364,0.001725,蔬菜,西洋菜,5.09,0.002877,5.1
2019-02-01,365,0.009889,蔬菜,芥菜,3.91,-0.101657,3.95
2019-02-01,366,0.03561,蔬菜,通心菜,5.45,0.057878,5.64
2019-02-01,367,0.287585,蔬菜,芥兰,5.1,-0.143835,6.56
2019-02-01,368,0.055008,蔬菜,南瓜,2.3,-0.237464,2.43
2019-01-01,285,0.001865,蔬菜,生姜,7.04,0.001238,7.06
2019-01-01,286,0.036633,蔬菜,蒜头,5.4,-0.138187,5.6
2019-01-01,287,0.059373,蔬菜,大白菜,1.75,0.087017,1.85
2019-01-01,288,-0.025208,蔬菜,卷心菜,2.29,-0.073746,2.23
2019-01-01,289,0.076005,蔬菜,菠菜,5.13,0.078801,5.53
2019-01-01,290,0.141684,蔬菜,上海青,3.61,0.152529,4.12
2019-01-01,291,-0.043632,蔬菜,芹菜,5.05,-0.141458,4.83
2019-01-01,292,0.167544,蔬菜,韭菜,4.7,-0.013743,5.49
2019-01-01,293,0.066281,蔬菜,油麦菜,3.56,0.008348,3.79
2019-01-01,294,0.118873,蔬菜,菜心,4.65,0.057452,5.2
2019-01-01,295,0.152803,蔬菜,生菜,3.18,-0.007898,3.66
2019-01-01,296,0.034412,蔬菜,蒜苗,6.85,0.113756,7.08
2019-01-01,297,0.114554,蔬菜,冬瓜,2.31,0.134588,2.57
2019-01-01,298,0.034145,蔬菜,黄瓜,4.67,0.272169,4.83
2019-01-01,299,-0.061656,蔬菜,西红柿,5.1,0.112475,4.79
2019-01-01,300,0.089147,蔬菜,茄子,4.33,-0.051486,4.72
2019-01-01,301,0.117147,蔬菜,白萝卜,1.71,0.091354,1.91
2019-01-01,302,0.026683,蔬菜,胡萝卜,3.39,0.017818,3.48
2019-01-01,303,0.039793,蔬菜,尖椒,3.76,-0.18293,3.91
2019-01-01,304,-0.016193,蔬菜,青圆椒,5.49,0.114512,5.4
2019-01-01,305,0.086064,蔬菜,豆角,6.21,0.006825,6.74
2019-01-01,306,-0.062596,蔬菜,白花菜,5.54,0.014865,5.19
2019-01-01,307,0.04039,蔬菜,土豆,3.18,0.071933,3.31
2019-01-01,308,-0.049163,蔬菜,西芹,4.07,-0.005638,3.87
2019-01-01,309,0.162921,蔬菜,丝瓜,5.61,-0.002761,6.52
2019-01-01,310,0.054932,蔬菜,莴笋,3.24,-0.069936,3.42
2019-01-01,311,0.013574,蔬菜,西洋菜,5.03,0.135968,5.09
2019-01-01,312,0.063203,蔬菜,芥菜,3.68,0.070644,3.91
2019-01-01,313,0.132613,蔬菜,通心菜,4.81,-0.034008,5.45
2019-01-01,314,0.073322,蔬菜,芥兰,4.75,0.031767,5.1
2019-01-01,315,0.083071,蔬菜,南瓜,2.13,-0.115431,2.3
2019-01-01,316,0.023057,蔬菜,莲藕,4.83,0.013564,4.94
2019-01-01,317,0.048123,蔬菜,奶白菜,4.55,0.078184,4.76
2019-01-01,318,0.259673,蔬菜,苦瓜,5.03,0.144027,6.34
2019-02-01,369,0.312644,蔬菜,莲藕,4.94,0.051256,6.49
2019-02-01,370,0.092794,蔬菜,奶白菜,4.76,-0.026791,5.21
2019-02-01,371,0.054157,蔬菜,苦瓜,6.34,0.008732,6.68
2019-03-01,391,0.002666,蔬菜,生姜,7.19,0.006166,7.21
2019-03-01,392,0.109594,蔬菜,蒜头,6.01,0.027943,6.66
2018-08-01,20,-0.004995,蔬菜,生姜,7.05,0.016533,7.01
2018-08-01,21,0.004009,蔬菜,蒜头,5.44,-0.210535,5.46
2018-08-01,22,0.002241,蔬菜,大白菜,2.67,0.051422,2.67
2018-08-01,23,0.007142,蔬菜,卷心菜,2.81,0.04342,2.83
2018-08-01,24,0.048376,蔬菜,菠菜,7.6,0.08982,7.97
2018-08-01,25,0.048111,蔬菜,上海青,3.92,-0.105437,4.11
2018-08-01,26,0.127899,蔬菜,芹菜,6,-0.000788,6.77
2018-08-01,27,0.004086,蔬菜,韭菜,4.06,-0.109229,4.08
2018-08-01,28,0.094177,蔬菜,油麦菜,3.85,-0.054301,4.22
2018-08-01,29,0.040515,蔬菜,菜心,5.46,0.024777,5.68
2018-08-01,30,0.048597,蔬菜,生菜,3.79,-0.198483,3.97
2018-08-01,31,0.030575,蔬菜,蒜苗,6.16,-0.006529,6.35
2018-08-01,32,-0.006566,蔬菜,冬瓜,2.1,0.013483,2.09
2018-08-01,33,0.180046,蔬菜,黄瓜,3.57,0.116884,4.21
2018-08-01,34,-0.025156,蔬菜,西红柿,4.3,-0.140656,4.19
2018-08-01,35,-0.036521,蔬菜,茄子,3.54,-0.085371,3.41
2018-08-01,36,0.159839,蔬菜,白萝卜,2.08,0.046738,2.41
2018-08-01,37,0.012504,蔬菜,胡萝卜,3.32,-0.035357,3.36
2018-08-01,38,-0.020325,蔬菜,尖椒,4.19,-0.022245,4.1
2018-08-01,39,-0.013083,蔬菜,青圆椒,5.31,0.091575,5.24
2018-08-01,40,-0.052323,蔬菜,豆角,5.05,-0.047115,4.78
2018-08-01,41,-0.015203,蔬菜,白花菜,6.08,0.141195,5.99
2018-08-01,42,0.026857,蔬菜,土豆,3.07,0.058699,3.15
2018-08-01,43,0.005113,蔬菜,西芹,4.82,-0.028131,4.85
2018-08-01,44,0.084149,蔬菜,丝瓜,4.99,-0.075832,5.41
2018-08-01,45,0.114369,蔬菜,莴笋,3.53,-0.051864,3.93
2018-08-01,46,-0.065576,蔬菜,西洋菜,6.06,-0.011291,5.66
2018-08-01,47,0.025681,蔬菜,芥菜,4.51,-0.049901,4.63
2018-08-01,48,0.031691,蔬菜,通心菜,3.73,-0.018207,3.85
2018-08-01,49,0.053014,蔬菜,芥兰,5.15,0.023708,5.43
2018-08-01,50,0.021656,蔬菜,南瓜,2.22,0.015013,2.26
2018-08-01,51,-0.09569,蔬菜,莲藕,5.46,-0.087234,4.93
2018-08-01,52,0.017949,蔬菜,奶白菜,4.88,0.038032,4.97
2018-08-01,53,0.010063,蔬菜,苦瓜,3.89,-0.162476,3.93
2018-09-01,73,0.028411,蔬菜,生姜,7.01,-0.056981,7.21
2018-09-01,74,0.087378,蔬菜,蒜头,5.46,-0.149792,5.94
2018-09-01,75,0.209286,蔬菜,大白菜,2.67,0.269503,3.23
2018-09-01,76,0.11943,蔬菜,卷心菜,2.83,0.081585,3.17
2018-09-01,77,0.07286,蔬菜,菠菜,7.97,-0.024902,8.55
2018-09-01,78,0.317691,蔬菜,上海青,4.11,0.125957,5.42
2018-09-01,79,0.240877,蔬菜,芹菜,6.77,0.007009,8.4
2018-09-01,80,0.333264,蔬菜,韭菜,4.08,0.180558,5.43
2018-09-01,81,0.313151,蔬菜,油麦菜,4.22,0.140409,5.54
2018-09-01,82,0.219465,蔬菜,菜心,5.68,0.270956,6.93
2018-09-01,83,0.414813,蔬菜,生菜,3.97,0.167694,5.62
2018-09-01,84,0.110616,蔬菜,蒜苗,6.35,0.089484,7.05
2018-09-01,85,0.050177,蔬菜,冬瓜,2.09,0.036999,2.19
2018-09-01,86,0.186323,蔬菜,黄瓜,4.21,0.358584,5
2018-09-01,87,0.385254,蔬菜,西红柿,4.19,0.176471,5.8
2018-09-01,88,0.261948,蔬菜,茄子,3.41,0.078592,4.3
2018-09-01,89,0.043211,蔬菜,白萝卜,2.41,-0.004232,2.52
2018-09-01,90,0.058101,蔬菜,胡萝卜,3.36,0.07157,3.55
2018-09-01,91,0.283517,蔬菜,尖椒,4.1,0.224167,5.27
2018-09-01,92,0.299921,蔬菜,青圆椒,5.24,0.336605,6.81
2018-09-01,93,0.234338,蔬菜,豆角,4.78,0.144266,5.91
2018-09-01,94,0.097545,蔬菜,白花菜,5.99,0.166075,6.57
2018-09-01,95,0.110837,蔬菜,土豆,3.15,0.174003,3.5
2018-09-01,96,0.141539,蔬菜,西芹,4.85,0.228312,5.53
2018-09-01,97,0.258776,蔬菜,丝瓜,5.41,0.154602,6.82
2018-09-01,98,0.13131,蔬菜,莴笋,3.93,0.027596,4.45
2018-09-01,99,0.119007,蔬菜,西洋菜,5.66,0.062322,6.34
2018-09-01,100,0.143089,蔬菜,芥菜,4.63,0.089735,5.29
2018-09-01,101,0.539349,蔬菜,通心菜,3.85,0.380709,5.93
2018-09-01,102,0.224185,蔬菜,芥兰,5.43,0.189003,6.64
2018-09-01,103,-0.001537,蔬菜,南瓜,2.26,0.012804,2.26
2018-09-01,104,0.070043,蔬菜,莲藕,4.93,-0.019548,5.28
2018-09-01,105,0.168201,蔬菜,奶白菜,4.97,0.068862,5.81
2018-09-01,106,0.506037,蔬菜,苦瓜,3.93,0.104949,5.92
2018-10-01,126,0.016689,蔬菜,生姜,7.21,-0.08697,7.33
2018-10-01,127,-0.037776,蔬菜,蒜头,5.94,-0.176117,5.71
2018-10-01,128,-0.102098,蔬菜,大白菜,3.23,0.158547,2.9
2018-10-01,129,-0.115364,蔬菜,卷心菜,3.17,-0.00666,2.8
2018-10-01,130,-0.143802,蔬菜,菠菜,8.55,0.033228,7.32
2018-10-01,131,-0.189123,蔬菜,上海青,5.42,0.05609,4.39
2018-10-01,132,-0.051156,蔬菜,芹菜,8.4,0.089873,7.97
2018-10-01,133,0.01834,蔬菜,韭菜,5.43,0.246678,5.53
2018-10-01,134,-0.090143,蔬菜,油麦菜,5.54,0.124737,5.04
2018-10-01,135,-0.186521,蔬菜,菜心,6.93,0.035533,5.63
2018-10-01,136,-0.043012,蔬菜,生菜,5.62,0.21823,5.38
2018-10-01,137,0.028901,蔬菜,蒜苗,7.05,0.139047,7.25
2018-10-01,138,0.046083,蔬菜,冬瓜,2.19,0.052141,2.29
2018-10-01,139,-0.034337,蔬菜,黄瓜,5,0.303095,4.83
2018-10-01,140,0.193032,蔬菜,西红柿,5.8,0.500711,6.92
2018-10-01,141,0.044549,蔬菜,茄子,4.3,0.227929,4.49
2018-10-01,142,-0.085172,蔬菜,白萝卜,2.52,-0.054844,2.3
2018-10-01,143,0.011637,蔬菜,胡萝卜,3.55,0.190188,3.59
2018-10-01,144,0.137528,蔬菜,尖椒,5.27,0.468594,5.99
2018-10-01,145,0.233074,蔬菜,青圆椒,6.81,0.655266,8.39
2018-10-01,146,-0.040443,蔬菜,豆角,5.91,0.105082,5.67
2018-10-01,147,0.043316,蔬菜,白花菜,6.57,0.261546,6.85
2018-10-01,148,-0.04332,蔬菜,土豆,3.5,0.154565,3.35
2018-10-01,149,0.091702,蔬菜,西芹,5.53,0.34052,6.04
2018-10-01,150,-0.008644,蔬菜,丝瓜,6.82,0.198619,6.76
2018-10-01,151,-0.009422,蔬菜,莴笋,4.45,0.007183,4.41
2018-10-01,152,0.0838,蔬菜,西洋菜,6.34,0.089177,6.87
2018-10-01,153,-0.113058,蔬菜,芥菜,5.29,-0.022139,4.69
2018-10-01,154,-0.209258,蔬菜,通心菜,5.93,0.167537,4.69
2018-10-01,155,-0.054188,蔬菜,芥兰,6.64,0.070677,6.28
2018-10-01,156,0.000553,蔬菜,南瓜,2.26,-0.033115,2.26
2018-10-01,157,-0.082773,蔬菜,莲藕,5.28,-0.073784,4.84
2018-10-01,158,-0.068606,蔬菜,奶白菜,5.81,0.077876,5.41
2018-10-01,159,0.002617,蔬菜,苦瓜,5.92,0.303699,5.94
2019-03-01,393,-0.021182,蔬菜,大白菜,2.24,0.166519,2.2
2019-03-01,394,-0.021162,蔬菜,卷心菜,2.52,0.064186,2.46
2019-03-01,395,0.10902,蔬菜,菠菜,5.59,0.372362,6.2
2019-03-01,396,-0.018598,蔬菜,上海青,4.36,0.171819,4.28
2019-03-01,397,0.009684,蔬菜,芹菜,5.94,0.284949,6
2019-03-01,398,-0.105822,蔬菜,韭菜,5.33,0.205104,4.76
2019-03-01,399,0.021458,蔬菜,油麦菜,4.39,0.240354,4.48
2019-03-01,400,0.104253,蔬菜,菜心,5.78,0.043719,6.38
2019-03-01,401,-0.021489,蔬菜,生菜,4.55,0.248722,4.45
2019-03-01,402,0.07896,蔬菜,蒜苗,7.93,0.330986,8.56
2019-03-01,403,0.083673,蔬菜,冬瓜,2.53,-0.020567,2.74
2019-03-01,404,-0.090562,蔬菜,黄瓜,5.97,0.266528,5.43
2019-03-01,405,-0.038407,蔬菜,西红柿,5.21,0.268199,5.01
2019-03-01,406,0.088418,蔬菜,茄子,4.84,0.084058,5.26
2019-03-01,407,-0.010142,蔬菜,白萝卜,2.28,0.018723,2.26
2019-03-01,408,-0.088271,蔬菜,胡萝卜,3.61,-0.041513,3.29
2019-03-01,409,0.163211,蔬菜,尖椒,4.81,0.235279,5.6
2019-03-01,410,0.001195,蔬菜,青圆椒,6.41,0.274429,6.42
2019-03-01,411,-0.043895,蔬菜,豆角,8.86,0.105358,8.47
2019-03-01,412,0.008186,蔬菜,白花菜,4.94,-0.036924,4.98
2019-03-01,413,-0.005203,蔬菜,土豆,3.41,0.122024,3.39
2019-03-01,414,0.056046,蔬菜,西芹,4.8,0.346611,5.07
2019-03-01,415,0.064963,蔬菜,丝瓜,6.36,-0.152157,6.77
2019-03-01,416,0.168909,蔬菜,莴笋,3.75,0.257817,4.38
2019-03-01,417,0.079393,蔬菜,西洋菜,5.1,0.230186,5.51
2019-03-01,418,0.051124,蔬菜,芥菜,3.95,0.057258,4.15
2019-03-01,419,0.005451,蔬菜,通心菜,5.64,0.044247,5.67
2019-03-01,420,0.131716,蔬菜,芥兰,6.56,0.212025,7.43
2019-03-01,421,0.016318,蔬菜,南瓜,2.43,-0.272312,2.47
2019-03-01,422,-0.063249,蔬菜,莲藕,6.49,0.127157,6.08
2019-03-01,423,-0.001569,蔬菜,奶白菜,5.21,0.157509,5.2
2019-03-01,424,0.001272,蔬菜,苦瓜,6.68,0.059145,6.69
2019-04-01,444,-0.003954,蔬菜,生姜,7.21,0.017937,7.18
2019-04-01,445,-0.020257,蔬菜,蒜头,6.66,0.062571,6.53
2019-04-01,446,0.268109,蔬菜,大白菜,2.2,0.197977,2.78
2019-04-01,447,0.202192,蔬菜,卷心菜,2.46,0.317464,2.96
2019-04-01,448,-0.02791,蔬菜,菠菜,6.2,0.136672,6.03
2019-04-01,449,-0.013659,蔬菜,上海青,4.28,0.277056,4.22
2019-04-01,450,0.002335,蔬菜,芹菜,6,0.346706,6.01
2019-04-01,451,-0.042844,蔬菜,韭菜,4.76,0.192907,4.56
2019-04-01,452,-0.003235,蔬菜,油麦菜,4.48,0.386716,4.47
2019-04-01,453,-0.098457,蔬菜,菜心,6.38,0.156784,5.76
2019-04-01,454,0.013031,蔬菜,生菜,4.45,0.506264,4.51
2019-04-01,455,-0.053929,蔬菜,蒜苗,8.56,0.518807,8.1
2019-04-01,456,0.159286,蔬菜,冬瓜,2.74,0.177745,3.18
2019-04-01,457,-0.210972,蔬菜,黄瓜,5.43,0.106921,4.29
2019-04-01,458,-0.02185,蔬菜,西红柿,5.01,0.153683,4.9
2019-04-01,459,-0.095677,蔬菜,茄子,5.26,0.205879,4.76
2019-04-01,460,0.081822,蔬菜,白萝卜,2.26,0.136881,2.45
2019-04-01,461,-0.016545,蔬菜,胡萝卜,3.29,0.046181,3.24
2019-04-01,462,0.053426,蔬菜,尖椒,5.6,0.415316,5.9
2019-04-01,463,0.002881,蔬菜,青圆椒,6.42,0.142059,6.44
2019-04-01,464,-0.13401,蔬菜,豆角,8.47,0.322962,7.33
2019-04-01,465,0.09784,蔬菜,白花菜,4.98,0.010074,5.46
2019-04-01,466,-0.037572,蔬菜,土豆,3.39,0.135802,3.27
2019-04-01,467,0.191393,蔬菜,西芹,5.07,0.498076,6.04
2019-04-01,468,-0.051695,蔬菜,丝瓜,6.77,-0.093406,6.42
2019-04-01,469,-0.049658,蔬菜,莴笋,4.38,0.136674,4.16
2019-04-01,470,0.001997,蔬菜,西洋菜,5.51,0.224651,5.52
2019-04-01,471,0.00265,蔬菜,芥菜,4.15,0.060374,4.16
2019-04-01,472,-0.134785,蔬菜,通心菜,5.67,0.062229,4.91
2019-04-01,473,-0.079259,蔬菜,芥兰,7.43,0.255095,6.84
2019-04-01,474,0.08561,蔬菜,南瓜,2.47,-0.092846,2.68
2019-04-01,475,-0.02839,蔬菜,莲藕,6.08,0.330666,5.9
2019-04-01,476,0.028277,蔬菜,奶白菜,5.2,0.275776,5.35
2019-04-01,477,0.026987,蔬菜,苦瓜,6.69,0.176702,6.87
2019-06-01,550.0,0.029248,蔬菜,生姜,7.16,0.059438,7.37
2019-06-01,551.0,0.064635,蔬菜,蒜头,6.91,0.285027,7.35
2019-06-01,552.0,-0.066619,蔬菜,大白菜,2.64,-0.073026,2.46
2019-06-01,553.0,-0.056072,蔬菜,卷心菜,2.98,-0.002849,2.81
2019-06-01,554.0,0.170536,蔬菜,菠菜,5.7,0.046117,6.68
2019-06-01,555.0,-0.037751,蔬菜,上海青,3.92,0.022662,3.77
2019-06-01,556.0,-0.072907,蔬菜,芹菜,6.09,-0.068793,5.65
2019-06-01,557.0,0.040422,蔬菜,韭菜,4.6,0.225844,4.78
2019-06-01,558.0,-0.040553,蔬菜,油麦菜,4,-0.00072,3.83
2019-06-01,559.0,-0.030046,蔬菜,菜心,5.39,0.021992,5.23
2019-06-01,560.0,-0.033091,蔬菜,生菜,4.04,-0.03124,3.91
2019-06-01,561.0,0.04332,蔬菜,蒜苗,6.8,0.296182,7.1
2019-06-01,562.0,-0.173302,蔬菜,冬瓜,3.05,0.164598,2.52
2019-06-01,563.0,-0.103586,蔬菜,黄瓜,4.08,0.068781,3.66
2019-06-01,564.0,0.056272,蔬菜,西红柿,5.18,0.287031,5.47
2019-06-01,565.0,-0.065768,蔬菜,茄子,4.76,0.229744,4.45
2019-06-01,566.0,-0.035123,蔬菜,白萝卜,2.49,0.140872,2.4
2019-06-01,567.0,0.01828,蔬菜,胡萝卜,3.31,-0.021968,3.37
2019-06-01,568.0,-0.068411,蔬菜,尖椒,6.37,0.366687,5.93
2019-06-01,569.0,-0.06378,蔬菜,青圆椒,6.13,-0.016348,5.74
2019-06-01,570.0,-0.206015,蔬菜,豆角,7.24,0.121657,5.75
2019-06-01,571.0,-0.055717,蔬菜,白花菜,5.4,-0.169002,5.1
2019-06-01,572.0,-0.022519,蔬菜,土豆,3.27,0.035428,3.2
2019-06-01,573.0,-0.108683,蔬菜,西芹,5.8,-0.065385,5.17
2019-06-01,574.0,-0.058379,蔬菜,丝瓜,6.33,0.240453,5.96
2019-06-01,575.0,-0.047959,蔬菜,莴笋,3.93,-0.093868,3.74
2019-06-01,576.0,-0.007139,蔬菜,西洋菜,5.94,0.000728,5.9
2019-06-01,577.0,0.040475,蔬菜,芥菜,4.13,0.062384,4.3
2019-06-01,578.0,-0.083656,蔬菜,通心菜,4.62,0.110284,4.24
2019-06-01,579.0,-0.190103,蔬菜,芥兰,6.52,-0.028869,5.28
2019-06-01,580.0,-0.036416,蔬菜,南瓜,2.97,0.106107,2.86
2019-06-01,581.0,0.302232,蔬菜,莲藕,6.41,0.605041,8.35
2019-06-01,582.0,-0.095876,蔬菜,奶白菜,5.12,-0.000199,4.63
2019-06-01,583.0,-0.157412,蔬菜,苦瓜,6.34,0.264354,5.34
2019-07-01,603.0,0.028053,蔬菜,生姜,7.37,0.075711,7.58
2019-07-01,604.0,0.0362,蔬菜,蒜头,7.35,0.400944,7.62
2019-07-01,605.0,0.055526,蔬菜,大白菜,2.46,-0.025957,2.6
2019-07-01,606.0,0.058221,蔬菜,卷心菜,2.81,0.058211,2.97
2019-07-01,607.0,0.140672,蔬菜,菠菜,6.68,0.002315,7.62
2019-07-01,608.0,0.0382,蔬菜,上海青,3.77,-0.001873,3.92
2019-07-01,609.0,0.104888,蔬菜,芹菜,5.65,0.039855,6.24
2019-07-01,610.0,0.037631,蔬菜,韭菜,4.78,0.222468,4.96
2019-07-01,611.0,0.06702,蔬菜,油麦菜,3.83,0.061686,4.09
2019-07-01,612.0,0.059037,蔬菜,菜心,5.23,0.015103,5.54
2019-07-01,613.0,0.072234,蔬菜,生菜,3.91,0.106323,4.19
2019-07-01,614.0,0.032946,蔬菜,蒜苗,7.1,0.190314,7.33
2019-07-01,615.0,-0.016104,蔬菜,冬瓜,2.52,0.180996,2.48
2019-07-01,616.0,0.048152,蔬菜,黄瓜,3.66,0.073954,3.83
2019-07-01,617.0,-0.131552,蔬菜,西红柿,5.47,0.10614,4.75
2019-07-01,618.0,0.006262,蔬菜,茄子,4.45,0.265258,4.48
2019-07-01,619.0,0.008898,蔬菜,白萝卜,2.4,0.165694,2.42
2019-07-01,620.0,-0.030498,蔬菜,胡萝卜,3.37,-0.01333,3.27
2019-07-01,621.0,-0.074747,蔬菜,尖椒,5.93,0.310108,5.49
2019-07-01,622.0,0.005556,蔬菜,青圆椒,5.74,0.088206,5.77
2019-07-01,623.0,-0.114453,蔬菜,豆角,5.75,0.008134,5.09
2019-07-01,624.0,0.089759,蔬菜,白花菜,5.1,-0.086517,5.55
2019-07-01,625.0,-0.012881,蔬菜,土豆,3.2,0.028414,3.16
2019-07-01,626.0,-0.049075,蔬菜,西芹,5.17,0.019453,4.91
2019-07-01,627.0,-0.039127,蔬菜,丝瓜,5.96,0.146217,5.72
2019-07-01,628.0,0.174268,蔬菜,莴笋,3.74,0.245703,4.4
2019-07-01,629.0,0.043412,蔬菜,西洋菜,5.9,0.015138,6.15
2019-07-01,630.0,0.050556,蔬菜,芥菜,4.3,0.00064,4.52
2019-07-01,631.0,-0.036608,蔬菜,通心菜,4.24,0.093421,4.08
2019-07-01,632.0,0.205825,蔬菜,芥兰,5.28,0.235787,6.37
2019-07-01,633.0,-0.056226,蔬菜,南瓜,2.86,0.219668,2.7
2019-07-01,634.0,0.032166,蔬菜,莲藕,8.35,0.580151,8.62
2019-07-01,635.0,-0.013389,蔬菜,奶白菜,4.63,-0.064476,4.57
2019-07-01,636.0,-0.12745,蔬菜,苦瓜,5.34,0.197579,4.66
2019-05-01,497.0,-0.00214,蔬菜,生姜,7.18,0.019299,7.16
2019-05-01,498.0,0.057926,蔬菜,蒜头,6.53,0.12403,6.91
2019-05-01,499.0,-0.052534,蔬菜,大白菜,2.78,-0.013735,2.64
2019-05-01,500.0,0.005189,蔬菜,卷心菜,2.96,0.149175,2.98
2019-05-01,501.0,-0.053341,蔬菜,菠菜,6.03,-0.007121,5.7
2019-05-01,502.0,-0.072187,蔬菜,上海青,4.22,0.121954,3.92
2019-05-01,503.0,0.013631,蔬菜,芹菜,6.01,0.252372,6.09
2019-05-01,504.0,0.008627,蔬菜,韭菜,4.56,0.186276,4.6
2019-05-01,505.0,-0.105457,蔬菜,油麦菜,4.47,0.192546,4
2019-05-01,506.0,-0.062791,蔬菜,菜心,5.76,0.078943,5.39
2019-05-01,507.0,-0.103409,蔬菜,生菜,4.51,0.21203,4.04
2019-05-01,508.0,-0.159686,蔬菜,蒜苗,8.1,0.369538,6.8
2019-05-01,509.0,-0.040174,蔬菜,冬瓜,3.18,0.224765,3.05
2019-05-01,510.0,-0.048063,蔬菜,黄瓜,4.29,0.190372,4.08
2019-05-01,511.0,0.056526,蔬菜,西红柿,4.9,0.201785,5.18
2019-05-01,512.0,0.000306,蔬菜,茄子,4.76,0.310157,4.76
2019-05-01,513.0,0.017803,蔬菜,白萝卜,2.45,0.167157,2.49
2019-05-01,514.0,0.022885,蔬菜,胡萝卜,3.24,-0.024827,3.31
2019-05-01,515.0,0.0801,蔬菜,尖椒,5.9,0.625042,6.37
2019-05-01,516.0,-0.047639,蔬菜,青圆椒,6.44,0.133381,6.13
2019-05-01,517.0,-0.01307,蔬菜,豆角,7.33,0.416979,7.24
2019-05-01,518.0,-0.012552,蔬菜,白花菜,5.46,-0.019015,5.4
2019-05-01,519.0,0.002199,蔬菜,土豆,3.27,0.10301,3.27
2019-05-01,520.0,-0.039165,蔬菜,西芹,6.04,0.195349,5.8
2019-05-01,521.0,-0.01452,蔬菜,丝瓜,6.42,0.012526,6.33
2019-05-01,522.0,-0.05531,蔬菜,莴笋,4.16,0.061056,3.93
2019-05-01,523.0,0.075855,蔬菜,西洋菜,5.52,0.160028,5.94
2019-05-01,524.0,-0.007153,蔬菜,芥菜,4.16,0.011312,4.13
2019-05-01,525.0,-0.057843,蔬菜,通心菜,4.91,0.261737,4.62
2019-05-01,526.0,-0.046296,蔬菜,芥兰,6.84,0.197539,6.52
2019-05-01,527.0,0.107891,蔬菜,南瓜,2.68,0.034417,2.97
2019-05-01,528.0,0.08649,蔬菜,莲藕,5.9,0.464404,6.41
2019-05-01,529.0,-0.041675,蔬菜,奶白菜,5.35,0.204356,5.12
2019-05-01,530.0,-0.076814,蔬菜,苦瓜,6.87,0.322771,6.34
2019-08-01,"df6cc7db5e14459a9a23d5731927d34f",-0.01839,蔬菜,蔬菜均价,4.56,0.02654,4.48
2019-08-01,"3b75830694d04ebf81aaa57a6932537b",-0.092814,蔬菜,其中：青椒,5.77,0.000293,5.24
2019-08-01,"6cca9fea3e5045eca18297aaba5c2c6f",0.112132,蔬菜,"      黄瓜",3.83,0.012146,4.26
2019-08-01,"28bf4091a7ac49f980ab3b9edbd4ae04",-0.041378,蔬菜,"      西红柿",4.75,0.087732,4.55
2019-08-01,"437970ee9ca846e0ad611ccd85f7d446",-0.068627,蔬菜,"      茄子",4.48,0.223095,4.17
2019-08-01,"2fe39a9b2b2c4a2ca5b3135718acf569",-0.030319,蔬菜,"      萝卜",2.42,-0.025424,2.35
2019-08-01,"4272d1a631cf4d6eab301219fa27201e",0.025881,蔬菜,"      土豆",3.16,0.027437,3.24
2019-08-01,"6a797dc7301c4f29a31d1e9933ccc21c",-0.002837,蔬菜,"      芹菜",6.24,-0.080676,6.22
2019-08-01,"f89a1be82124481e918db631395c8396",-0.056117,蔬菜,"      菜心",5.54,-0.079168,5.23
2019-08-01,"8f3038987f2d43169ecacd0db3cd30ae",-0.004856,蔬菜,"      生菜",4.19,0.049928,4.17
2019-08-01,"56a45e97207a4d24bdfbd56a3d5299f1",-0.054862,蔬菜,"      大白菜",2.6,-0.081453,2.46
2019-08-01,"25d1d9979aa04ca59e412b4ef69b16c1",-0.008927,蔬菜,"      菠菜",7.62,-0.052471,7.55
2019-08-01,"0f0393c64efa4da3af5f7cd8a7bcd274",-0.021045,蔬菜,"      椰菜",2.97,0.028595,2.91
2019-09-01,"4d0f6fc9016b402a8f32bb1b5a6c90b5",-0.007269,蔬菜,蔬菜均价,4.48,-0.157531,4.44
2019-09-01,"77cafe61a869467a81bd153ddca050e7",0.02649,蔬菜,其中：青椒,5.24,-0.210113,5.38
2019-09-01,"d094f4120eac42909b983838898c5c5c",-0.047374,蔬菜,"      黄瓜",4.26,-0.18724,4.06
2019-09-01,"dd9f75131960403fbf3055ccdfc08daa",0.005646,蔬菜,"      西红柿",4.55,-0.210345,4.58
2019-09-01,"51a87533bf7c40e79b646b1b84e96733",-0.036621,蔬菜,"      茄子",4.17,-0.066282,4.02
2019-09-01,"3a733ba6bf12416aa3c3682bb282c292",-0.020116,蔬菜,"      萝卜",2.35,-0.084585,2.3
2019-09-01,"c4ee289e67b24a5e995d882fa3911660",-0.017536,蔬菜,"      土豆",3.24,-0.091298,3.18
2019-09-01,"a777fe3fb247439d9fbcf5b2f4658c85",0.008757,蔬菜,"      芹菜",6.22,-0.252646,6.28
2019-09-01,"f950aa910c184f839bf6c19eedd99d0d",0.002525,蔬菜,"      菜心",5.23,-0.242982,5.24
2019-09-01,"f35015e0e6c2420cb927e364090d7ae1",-0.036736,蔬菜,"      生菜",4.17,-0.285166,4.02
2019-09-01,"35b40e4ee37c4ef793de382b21a245f4",-0.060262,蔬菜,"      大白菜",2.46,-0.286196,2.31
2019-09-01,"e1f3a8bf39294064ac40d086acc4cc4f",0.011754,蔬菜,"      菠菜",7.55,-0.106439,7.64
2019-09-01,"b5e3962577bc4ce9a9c65226fac0a3ab",-0.049671,蔬菜,"      椰菜",2.91,-0.126785,2.77
2019-10-07,"96BD4DF39559E3AFE0505BCB8D2E64C7",-0.02,蔬菜,蔬菜均价,4.44,-0.16,4.35
2019-10-07,"96BD4DF3955AE3AFE0505BCB8D2E64C7",0.08,蔬菜,其中：青椒,5.38,-0.31,5.8
2019-10-07,"96BD4DF3955BE3AFE0505BCB8D2E64C7",-0.02,蔬菜,"      黄瓜",4.06,-0.17,3.99
2019-10-07,"96BD4DF3955CE3AFE0505BCB8D2E64C7",0.06,蔬菜,"      西红柿",4.58,-0.3,4.86
2019-10-07,"96BD4DF3955DE3AFE0505BCB8D2E64C7",-0.06,蔬菜,"      茄子",4.02,-0.16,3.78
2019-10-07,"96BD4DF3955EE3AFE0505BCB8D2E64C7",-0.09,蔬菜,"      萝卜",2.3,-0.08,2.11
2019-10-07,"96BD4DF3955FE3AFE0505BCB8D2E64C7",-0.02,蔬菜,"      土豆",3.18,-0.07,3.1
2019-10-07,"96BD4DF39560E3AFE0505BCB8D2E64C7",0.04,蔬菜,"      芹菜",6.28,-0.18,6.51
2019-10-07,"96BD4DF39561E3AFE0505BCB8D2E64C7",-0.07,蔬菜,"      菜心",5.24,-0.14,4.86
2019-10-07,"96BD4DF39562E3AFE0505BCB8D2E64C7",-0.06,蔬菜,"      生菜",4.02,-0.3,3.76
2019-10-07,"96BD4DF39563E3AFE0505BCB8D2E64C7",0.02,蔬菜,"      大白菜",2.31,-0.19,2.35
2019-10-07,"96BD4DF39564E3AFE0505BCB8D2E64C7",-0.11,蔬菜,"      菠菜",7.64,-0.07,6.78
2019-10-07,"96BD4DF39565E3AFE0505BCB8D2E64C7",-0.05,蔬菜,"      椰菜",2.77,-0.07,2.61
2019-11-09,"993BBFB6B5D0D136E0505BCB8D2E35B1",0.008,蔬菜,蔬菜均价,4.35,0.019,4.39
2019-11-09,"993BBFB6B5D1D136E0505BCB8D2E35B1",0.13,蔬菜,青椒,5.8,-0.071,6.56
2019-11-09,"993BBFB6B5D2D136E0505BCB8D2E35B1",0.214,蔬菜,"      黄瓜",3.99,0.288,4.84
2019-11-09,"993BBFB6B5D3D136E0505BCB8D2E35B1",0.043,蔬菜,"      西红柿",4.87,-0.105,5.08
2019-11-09,"993BBFB6B5D4D136E0505BCB8D2E35B1",0.081,蔬菜,"      茄子",3.78,-0.038,4.09
2019-11-09,"993BBFB6B5D5D136E0505BCB8D2E35B1",0.01,蔬菜,"      萝卜",2.11,0.188,2.13
2019-11-09,"993BBFB6B5D6D136E0505BCB8D2E35B1",0.022,蔬菜,"      土豆",3.1,0.004,3.17
2019-11-09,"993BBFB6B5D7D136E0505BCB8D2E35B1",-0.019,蔬菜,"      芹菜",6.51,0.045,6.39
2019-11-09,"993BBFB6B5D8D136E0505BCB8D2E35B1",-0.033,蔬菜,"      菜心",4.86,0.071,4.7
2019-11-09,"993BBFB6B5D9D136E0505BCB8D2E35B1",-0.042,蔬菜,"      生菜",3.76,0.007,3.6
2019-11-09,"993BBFB6B5DAD136E0505BCB8D2E35B1",-0.078,蔬菜,"      大白菜",2.35,0.056,2.16
2019-11-09,"993BBFB6B5DBD136E0505BCB8D2E35B1",-0.115,蔬菜,"      菠菜",6.78,0.178,6
2019-11-09,"993BBFB6B5DCD136E0505BCB8D2E35B1",0.014,蔬菜,"      椰菜",2.61,0.08,2.65
2020-02-27,"A1083EC4B1779D2EE0505BCB8D2E5858",-0.032,蔬菜,蔬菜均价,5.24,0.049,5.07
2020-02-27,"A1083EC4B1789D2EE0505BCB8D2E5858",0.036,蔬菜,其中：青椒,6.8,0.098,7.04
2020-02-27,"A1083EC4B1799D2EE0505BCB8D2E5858",-0.126,蔬菜,"      黄瓜",5.42,-0.206,4.74
2020-02-27,"A1083EC4B17A9D2EE0505BCB8D2E5858",-0.035,蔬菜,"      西红柿",6.58,0.219,6.36
2020-02-27,"A1083EC4B17B9D2EE0505BCB8D2E5858",0.077,蔬菜,"      茄子",4.79,0.066,5.16
2020-02-27,"A1083EC4B17C9D2EE0505BCB8D2E5858",-0.015,蔬菜,"      萝卜",2.58,0.112,2.54
2020-02-27,"A1083EC4B17D9D2EE0505BCB8D2E5858",0.068,蔬菜,"      土豆",3.52,0.102,3.76
2020-02-27,"A1083EC4B17E9D2EE0505BCB8D2E5858",-0.093,蔬菜,"      芹菜",6.87,0.048,6.23
2020-02-27,"A1083EC4B17F9D2EE0505BCB8D2E5858",-0.141,蔬菜,"      菜心",6.61,-0.019,5.67
2020-02-27,"A1083EC4B1809D2EE0505BCB8D2E5858",-0.062,蔬菜,"      生菜",4.55,-0.062,4.27
2020-02-27,"A1083EC4B1819D2EE0505BCB8D2E5858",0.014,蔬菜,"      大白菜",2.69,0.216,2.73
2020-02-27,"A1083EC4B1829D2EE0505BCB8D2E5858",-0.019,蔬菜,"      菠菜",6.26,0.098,6.14
2020-02-27,"A1083EC4B1839D2EE0505BCB8D2E5858",-0.087,蔬菜,"      椰菜",3.38,0.227,3.09
2020-04-08,"A51DD175047EFF18E0505BCB8D2E7F8D",0.102,蔬菜,蔬菜均价,4.33,-0.005,4.77
2020-04-08,"A51DD175047FFF18E0505BCB8D2E7F8D",0.059,蔬菜,其中：青椒,6.46,0.063,6.85
2020-04-08,"A51DD1750480FF18E0505BCB8D2E7F8D",0.009,蔬菜,"      黄瓜",4.06,-0.045,4.09
2020-04-08,"A51DD1750481FF18E0505BCB8D2E7F8D",0.048,蔬菜,"      西红柿",5.4,0.154,5.66
2020-04-08,"A51DD1750482FF18E0505BCB8D2E7F8D",-0.001,蔬菜,"      茄子",4.45,-0.066,4.44
2020-04-08,"A51DD1750483FF18E0505BCB8D2E7F8D",0.018,蔬菜,"      萝卜",2,-0.168,2.04
2020-04-08,"A51DD1750484FF18E0505BCB8D2E7F8D",0.101,蔬菜,"      土豆",3.58,0.205,3.94
2020-04-08,"A51DD1750485FF18E0505BCB8D2E7F8D",0.157,蔬菜,"      芹菜",5.05,-0.028,5.84
2020-04-08,"A51DD1750486FF18E0505BCB8D2E7F8D",0.243,蔬菜,"      菜心",4.78,0.031,5.94
2020-04-08,"A51DD1750487FF18E0505BCB8D2E7F8D",0.307,蔬菜,"      生菜",3.41,-0.01,4.46
2020-04-08,"A51DD1750488FF18E0505BCB8D2E7F8D",0.185,蔬菜,"      大白菜",2.38,0.014,2.82
2020-04-08,"A51DD1750489FF18E0505BCB8D2E7F8D",0.252,蔬菜,"      菠菜",5.05,0.049,6.32
2020-04-08,"A51DD175048AFF18E0505BCB8D2E7F8D",0.005,蔬菜,"      椰菜",2.34,-0.206,2.35
2020-05-02,"A71677148EDFA677E0505BCB8D2E665B",-0.078,蔬菜,蔬菜均价,4.77,-0.053,4.4
2020-05-02,"A71677148EE0A677E0505BCB8D2E665B",-0.062,蔬菜,其中：青椒,6.85,0.047,6.42
2020-05-02,"A71677148EE1A677E0505BCB8D2E665B",-0.13,蔬菜,"      黄瓜",4.09,-0.127,3.56
2020-05-02,"A71677148EE2A677E0505BCB8D2E665B",-0.21,蔬菜,"      西红柿",5.66,-0.137,4.47
2020-05-02,"A71677148EE3A677E0505BCB8D2E665B",-0.118,蔬菜,"      茄子",4.44,-0.177,3.92
2020-05-02,"A71677148EE4A677E0505BCB8D2E665B",-0.073,蔬菜,"      萝卜",2.04,-0.242,1.89
2020-05-02,"A71677148EE5A677E0505BCB8D2E665B",-0.055,蔬菜,"      土豆",3.94,0.136,3.72
2020-05-02,"A71677148EE6A677E0505BCB8D2E665B",0.034,蔬菜,"      芹菜",5.84,-0.008,6.04
2020-05-02,"A71677148EE7A677E0505BCB8D2E665B",-0.116,蔬菜,"      菜心",5.94,-0.028,5.25
2020-05-02,"A71677148EE8A677E0505BCB8D2E665B",-0.032,蔬菜,"      生菜",4.46,0.068,4.32
2020-05-02,"A71677148EE9A677E0505BCB8D2E665B",-0.065,蔬菜,"      大白菜",2.82,0.001,2.64
2020-05-02,"A71677148EEAA677E0505BCB8D2E665B",-0.06,蔬菜,"      菠菜",6.32,0.042,5.94
2020-05-02,"A71677148EEBA677E0505BCB8D2E665B",-0.068,蔬菜,"      椰菜",2.35,-0.264,2.19
2020-08-03,"AE6646B7BA9618E4E0505BCB8D2E093D",0.006,蔬菜,蔬菜均价,4.66,0.047,4.69
2020-08-03,"AE6646B7BA9718E4E0505BCB8D2E093D",-0.074,蔬菜,其中：青椒,6.02,0.065,5.58
2020-08-03,"AE6646B7BA9818E4E0505BCB8D2E093D",0.098,蔬菜,"      黄瓜",3.94,0.015,4.33
2020-08-03,"AE6646B7BA9918E4E0505BCB8D2E093D",-0.004,蔬菜,"      西红柿",4.84,0.058,4.82
2020-08-03,"AE6646B7BA9A18E4E0505BCB8D2E093D",0.027,蔬菜,"      茄子",3.7,-0.087,3.81
2020-08-03,"AE6646B7BA9B18E4E0505BCB8D2E093D",0.076,蔬菜,"      萝卜",2.69,0.229,2.89
2020-08-03,"AE6646B7BA9C18E4E0505BCB8D2E093D",0.036,蔬菜,"      土豆",3.19,0.02,3.3
2020-08-03,"AE6646B7BA9D18E4E0505BCB8D2E093D",-0.153,蔬菜,"      芹菜",7.44,0.013,6.3
2020-08-03,"AE6646B7BA9E18E4E0505BCB8D2E093D",0.009,蔬菜,"      菜心",5.52,0.066,5.58
2020-08-03,"AE6646B7BA9F18E4E0505BCB8D2E093D",-0.063,蔬菜,"      生菜",5.47,0.23,5.13
2020-08-03,"AE6646B7BAA018E4E0505BCB8D2E093D",-0.049,蔬菜,"      大白菜",3,0.162,2.85
2020-08-03,"AE6646B7BAA118E4E0505BCB8D2E093D",-0.008,蔬菜,"      菠菜",8.02,0.054,7.96
2020-08-03,"AE6646B7BAA218E4E0505BCB8D2E093D",0.138,蔬菜,"      椰菜",2.55,-0.003,2.9
2020-10-02,"B31B70B6F629D764E0505BCB8D2E52D3",0.018,蔬菜,蔬菜均价,4.69,0.073,4.77
2020-10-02,"B31B70B6F62AD764E0505BCB8D2E52D3",0.011,蔬菜,其中青椒,5.58,0.049,5.64
2020-10-02,"B31B70B6F62BD764E0505BCB8D2E52D3",-0.044,蔬菜,黄瓜,4.33,0.018,4.14
2020-10-02,"B31B70B6F62CD764E0505BCB8D2E52D3",-0.007,蔬菜,西红柿,4.82,0.045,4.79
2020-10-02,"B31B70B6F62DD764E0505BCB8D2E52D3",0.092,蔬菜,茄子,3.81,0.035,4.16
2020-10-02,"B31B70B6F62ED764E0505BCB8D2E52D3",-0.092,蔬菜,萝卜,2.89,0.14,2.62
2020-10-02,"B31B70B6F62FD764E0505BCB8D2E52D3",-0.037,蔬菜,土豆,3.3,-0.001,3.18
2020-10-02,"B31B70B6F630D764E0505BCB8D2E52D3",0.065,蔬菜,芹菜,6.3,0.069,6.71
2020-10-02,"B31B70B6F631D764E0505BCB8D2E52D3",0.041,蔬菜,菜心,5.58,0.107,5.81
2020-10-02,"B31B70B6F632D764E0505BCB8D2E52D3",-0.117,蔬菜,生菜,5.13,0.128,4.53
2020-10-02,"B31B70B6F633D764E0505BCB8D2E52D3",0.025,蔬菜,大白菜,2.85,0.267,2.93
2020-10-02,"B31B70B6F634D764E0505BCB8D2E52D3",0.123,蔬菜,菠菜,7.96,0.171,8.94
2020-10-02,"B31B70B6F635D764E0505BCB8D2E52D3",0.056,蔬菜,椰菜,2.9,0.108,3.07
2021-01-02,"BA578743B22AB9C7E0505BCB8D2E20E0",0.171,蔬菜,蔬菜均价,4.68,0.047,5.48
2021-01-02,"BA578743B22BB9C7E0505BCB8D2E20E0",0.14,蔬菜,青椒,6.13,0.028,6.99
2021-01-02,"BA578743B22CB9C7E0505BCB8D2E20E0",0.05,蔬菜,黄瓜,4.3,-0.167,4.52
2021-01-02,"BA578743B22DB9C7E0505BCB8D2E20E0",0.003,蔬菜,西红柿,4.81,-0.267,4.83
2021-01-02,"BA578743B22EB9C7E0505BCB8D2E20E0",0.406,蔬菜,茄子,4.92,0.444,6.91
2021-01-02,"BA578743B22FB9C7E0505BCB8D2E20E0",0.201,蔬菜,萝卜,2.15,0.001,2.58
2021-01-02,"BA578743B230B9C7E0505BCB8D2E20E0",0.072,蔬菜,土豆,3.17,-0.036,3.4
2021-01-02,"BA578743B231B9C7E0505BCB8D2E20E0",0.182,蔬菜,芹菜,6.28,0.081,7.42
2021-01-02,"BA578743B232B9C7E0505BCB8D2E20E0",0.065,蔬菜,菜心,5.56,-0.103,5.93
2021-01-02,"BA578743B233B9C7E0505BCB8D2E20E0",0.158,蔬菜,生菜,4.46,0.134,5.16
2021-01-02,"BA578743B234B9C7E0505BCB8D2E20E0",0.151,蔬菜,大白菜,2.09,-0.104,2.41
2021-01-02,"BA578743B235B9C7E0505BCB8D2E20E0",0.181,蔬菜,菠菜,6.08,0.147,7.18
2021-01-02,"BA578743B236B9C7E0505BCB8D2E20E0",0.246,蔬菜,椰菜,2.79,0.027,3.47
2021-02-04,"BCB3E395F3AC0B47E0505BCB8D2E3374",-0.026,蔬菜,蔬菜均价,5.48,0.054,5.34
2021-02-04,"BCB3E395F3AD0B47E0505BCB8D2E3374",-0.066,蔬菜,其中：青椒,6.99,-0.073,6.53
2021-02-04,"BCB3E395F3AE0B47E0505BCB8D2E3374",0.015,蔬菜,黄瓜,4.52,-0.032,4.59
2021-02-04,"BCB3E395F3AF0B47E0505BCB8D2E3374",-0.081,蔬菜,西红柿,4.83,-0.302,4.44
2021-02-04,"BCB3E395F3B00B47E0505BCB8D2E3374",-0.084,蔬菜,茄子,6.91,0.228,6.33
2021-02-04,"BCB3E395F3B10B47E0505BCB8D2E3374",-0.02,蔬菜,萝卜,2.58,-0.004,2.53
2021-02-04,"BCB3E395F3B20B47E0505BCB8D2E3374",0.013,蔬菜,土豆,3.39,-0.085,3.44
2021-02-04,"BCB3E395F3B30B47E0505BCB8D2E3374",-0.094,蔬菜,芹菜,7.42,0.081,6.73
2021-02-04,"BCB3E395F3B40B47E0505BCB8D2E3374",-0.134,蔬菜,菜心,5.93,-0.095,5.14
2021-02-04,"BCB3E395F3B50B47E0505BCB8D2E3374",-0.221,蔬菜,生菜,5.16,-0.057,4.02
2021-02-04,"BCB3E395F3B60B47E0505BCB8D2E3374",-0.034,蔬菜,大白菜,2.41,-0.147,2.33
2021-02-04,"BCB3E395F3B70B47E0505BCB8D2E3374",-0.146,蔬菜,菠菜,7.18,-0.001,6.13
2021-02-04,"BCB3E395F3B80B47E0505BCB8D2E3374",-0.013,蔬菜,椰菜,3.47,0.111,3.43
2021-03-02,"BEF8FDA7027E6BDCE0505BCB8D2E0844",-0.202,蔬菜,蔬菜均价,5.34,-0.075,4.26
2021-03-02,"BEF8FDA7027F6BDCE0505BCB8D2E0844",-0.096,蔬菜,其中：青椒,6.53,-0.143,5.9
2021-03-02,"BEF8FDA702806BDCE0505BCB8D2E0844",-0.17,蔬菜,黄瓜,4.59,-0.121,3.81
2021-03-02,"BEF8FDA702816BDCE0505BCB8D2E0844",-0.147,蔬菜,西红柿,4.44,-0.341,3.79
2021-03-02,"BEF8FDA702826BDCE0505BCB8D2E0844",-0.192,蔬菜,茄子,6.33,0.079,5.12
2021-03-02,"BEF8FDA702836BDCE0505BCB8D2E0844",-0.151,蔬菜,萝卜,2.53,0.008,2.15
2021-03-02,"BEF8FDA702846BDCE0505BCB8D2E0844",-0.153,蔬菜,土豆,3.44,-0.234,2.91
2021-03-02,"BEF8FDA702856BDCE0505BCB8D2E0844",-0.28,蔬菜,芹菜,6.73,-0.099,4.85
2021-03-02,"BEF8FDA702866BDCE0505BCB8D2E0844",0.012,蔬菜,菜心,5.14,0.021,5.2
2021-03-02,"BEF8FDA702876BDCE0505BCB8D2E0844",-0.259,蔬菜,生菜,4.02,-0.181,2.98
2021-03-02,"BEF8FDA702886BDCE0505BCB8D2E0844",-0.083,蔬菜,大白菜,2.33,-0.156,2.13
2021-03-02,"BEF8FDA702896BDCE0505BCB8D2E0844",-0.164,蔬菜,菠菜,6.13,-0.046,5.13
2021-03-02,"BEF8FDA7028A6BDCE0505BCB8D2E0844",-0.26,蔬菜,椰菜,3.43,0.018,2.54
2021-04-06,"C1A5C41B88C75BB9E0505BCB8D2E36F7",-0.099,蔬菜,蔬菜均价,4.26,-0.194,3.84
2021-04-06,"C1A5C41B88C85BB9E0505BCB8D2E36F7",-0.11,蔬菜,其中：青椒,5.9,-0.233,5.25
2021-04-06,"C1A5C41B88C95BB9E0505BCB8D2E36F7",-0.08,蔬菜,黄瓜,3.81,-0.144,3.5
2021-04-06,"C1A5C41B88CA5BB9E0505BCB8D2E36F7",-0.068,蔬菜,西红柿,3.79,-0.377,3.53
2021-04-06,"C1A5C41B88CB5BB9E0505BCB8D2E36F7",-0.281,蔬菜,茄子,5.12,-0.173,3.68
2021-04-06,"C1A5C41B88CC5BB9E0505BCB8D2E36F7",-0.112,蔬菜,萝卜,2.15,-0.062,1.91
2021-04-06,"C1A5C41B88CD5BB9E0505BCB8D2E36F7",-0.11,蔬菜,土豆,2.91,-0.342,2.59
2021-04-06,"C1A5C41B88CE5BB9E0505BCB8D2E36F7",-0.116,蔬菜,芹菜,4.85,-0.267,4.28
2021-04-06,"C1A5C41B88CF5BB9E0505BCB8D2E36F7",-0.084,蔬菜,菜心,5.2,-0.198,4.76
2021-04-06,"C1A5C41B88D05BB9E0505BCB8D2E36F7",0.096,蔬菜,生菜,2.98,-0.267,3.27
2021-04-06,"C1A5C41B88D15BB9E0505BCB8D2E36F7",-0.008,蔬菜,大白菜,2.13,-0.25,2.12
2021-04-06,"C1A5C41B88D25BB9E0505BCB8D2E36F7",-0.004,蔬菜,菠菜,5.13,-0.192,5.11
2021-04-06,"C1A5C41B88D35BB9E0505BCB8D2E36F7",-0.142,蔬菜,椰菜,2.54,-0.074,2.18
2021-05-23,"C56A500BD0B91237E0505BCB8D2E2B85",-0.03,蔬菜,蔬菜均价,3.84,-0.152,3.73
2021-05-23,"C56A500BD0BA1237E0505BCB8D2E2B85",-0.007,蔬菜,其中：青椒,5.25,-0.188,5.21
2021-05-23,"C56A500BD0BB1237E0505BCB8D2E2B85",-0.033,蔬菜,黄瓜,3.5,-0.049,3.39
2021-05-23,"C56A500BD0BC1237E0505BCB8D2E2B85",-0.013,蔬菜,西红柿,3.53,-0.221,3.48
2021-05-23,"C56A500BD0BD1237E0505BCB8D2E2B85",-0.097,蔬菜,茄子,3.68,-0.153,3.32
2021-05-23,"C56A500BD0BE1237E0505BCB8D2E2B85",-0.027,蔬菜,萝卜,1.91,-0.016,1.86
2021-05-23,"C56A500BD0BF1237E0505BCB8D2E2B85",0.084,蔬菜,土豆,2.59,-0.245,2.81
2021-05-23,"C56A500BD0C01237E0505BCB8D2E2B85",0.023,蔬菜,芹菜,4.28,-0.275,4.38
2021-05-23,"C56A500BD0C11237E0505BCB8D2E2B85",0.103,蔬菜,菜心,4.76,0.001,5.25
2021-05-23,"C56A500BD0C21237E0505BCB8D2E2B85",-0.008,蔬菜,生菜,3.27,-0.249,3.24
2021-05-23,"C56A500BD0C31237E0505BCB8D2E2B85",0.012,蔬菜,大白菜,2.12,-0.189,2.14
2021-05-23,"C56A500BD0C41237E0505BCB8D2E2B85",0.048,蔬菜,菠菜,5.11,-0.099,5.36
2021-05-23,"C56A500BD0C51237E0505BCB8D2E2B85",0.052,蔬菜,椰菜,2.18,0.045,2.29
2021-07-04,"C8BB45E07BD8515EE0505BCB8D2E08C2",-0.031,蔬菜,南瓜,2.36,0.014,2.29
2021-07-04,"C8BB45E07BD9515EE0505BCB8D2E08C2",0.159,蔬菜,莲藕,6.66,0.139,7.71
2021-07-04,"C8BB45E07BDA515EE0505BCB8D2E08C2",0.178,蔬菜,奶白菜,4.58,0.034,5.4
2021-07-04,"C8BB45E07BDB515EE0505BCB8D2E08C2",-0.034,蔬菜,苦瓜,4.34,-0.13,4.19
2021-07-04,"C8BB45E07BBA515EE0505BCB8D2E08C2",0.028,蔬菜,生姜,8.17,-0.009,8.4
2021-07-04,"C8BB45E07BBB515EE0505BCB8D2E08C2",0.038,蔬菜,蒜头,5.9,0.039,6.13
2021-07-04,"C8BB45E07BBC515EE0505BCB8D2E08C2",0.058,蔬菜,大白菜,2.14,-0.189,2.27
2021-07-04,"C8BB45E07BBD515EE0505BCB8D2E08C2",0.004,蔬菜,卷心菜,2.29,-0.027,2.3
2021-07-04,"C8BB45E07BBE515EE0505BCB8D2E08C2",0.242,蔬菜,菠菜,5.36,-0.037,6.65
2021-07-04,"C8BB45E07BBF515EE0505BCB8D2E08C2",0.066,蔬菜,上海青,3.17,-0.205,3.38
2021-07-04,"C8BB45E07BC0515EE0505BCB8D2E08C2",0.163,蔬菜,芹菜,4.38,-0.285,5.1
2021-07-04,"C8BB45E07BC1515EE0505BCB8D2E08C2",-0.11,蔬菜,韭菜,4.43,-0.173,3.94
2021-07-04,"C8BB45E07BC2515EE0505BCB8D2E08C2",-0.08,蔬菜,油麦菜,3.79,-0.104,3.49
2021-07-04,"C8BB45E07BC3515EE0505BCB8D2E08C2",0.007,蔬菜,菜心,5.25,-0.098,5.29
2021-07-04,"C8BB45E07BC4515EE0505BCB8D2E08C2",0.114,蔬菜,生菜,3.24,-0.215,3.61
2021-07-04,"C8BB45E07BC5515EE0505BCB8D2E08C2",0.118,蔬菜,蒜苗,6.37,0.083,7.11
2021-07-04,"C8BB45E07BC6515EE0505BCB8D2E08C2",-0.037,蔬菜,冬瓜,2.04,-0.039,1.96
2021-07-04,"C8BB45E07BC7515EE0505BCB8D2E08C2",-0.068,蔬菜,黄瓜,3.39,-0.17,3.16
2021-07-04,"C8BB45E07BC8515EE0505BCB8D2E08C2",0.161,蔬菜,西红柿,3.48,-0.079,4.04
2021-07-04,"C8BB45E07BC9515EE0505BCB8D2E08C2",-0.037,蔬菜,茄子,3.32,-0.215,3.2
2021-07-04,"C8BB45E07BCA515EE0505BCB8D2E08C2",0.051,蔬菜,白萝卜,1.86,-0.096,1.95
2021-07-04,"C8BB45E07BCB515EE0505BCB8D2E08C2",-0.071,蔬菜,胡萝卜,3.16,-0.142,2.94
2021-07-04,"C8BB45E07BCC515EE0505BCB8D2E08C2",0.062,蔬菜,尖椒,4.13,-0.103,4.39
2021-07-04,"C8BB45E07BCD515EE0505BCB8D2E08C2",0.034,蔬菜,青圆椒,5.21,-0.152,5.39
2021-07-04,"C8BB45E07BCE515EE0505BCB8D2E08C2",-0.003,蔬菜,豆角,5.74,0.027,5.72
2021-07-04,"C8BB45E07BCF515EE0505BCB8D2E08C2",0.143,蔬菜,白花菜,4.75,-0.028,5.42
2021-07-04,"C8BB45E07BD0515EE0505BCB8D2E08C2",-0.013,蔬菜,土豆,2.81,-0.115,2.77
2021-07-04,"C8BB45E07BD1515EE0505BCB8D2E08C2",0.006,蔬菜,西芹,5.04,-0.059,5.07
2021-07-04,"C8BB45E07BD2515EE0505BCB8D2E08C2",-0.106,蔬菜,丝瓜,5.09,-0.156,4.55
2021-07-04,"C8BB45E07BD3515EE0505BCB8D2E08C2",0.009,蔬菜,莴笋,3.54,-0.156,3.57
2021-07-04,"C8BB45E07BD4515EE0505BCB8D2E08C2",0.198,蔬菜,西洋菜,4.66,-0.035,5.58
2021-07-04,"C8BB45E07BD5515EE0505BCB8D2E08C2",-0.06,蔬菜,芥菜,4.17,-0.098,3.92
2021-07-04,"C8BB45E07BD6515EE0505BCB8D2E08C2",-0.08,蔬菜,通心菜,3.69,-0.131,3.4
2021-07-04,"C8BB45E07BD7515EE0505BCB8D2E08C2",-0.146,蔬菜,芥兰,6.21,-0.103,5.3
2021-07-04,"C8BB517DE94A538BE0505BCB8D2E1099",0.005,蔬菜,生姜,8.4,-0.12,8.44
2021-07-04,"C8BB517DE94B538BE0505BCB8D2E1099",0.011,蔬菜,蒜头,6.13,0.1,6.19
2021-07-04,"C8BB517DE94C538BE0505BCB8D2E1099",0.07,蔬菜,大白菜,2.27,-0.192,2.42
2021-07-04,"C8BB517DE94D538BE0505BCB8D2E1099",0.018,蔬菜,卷心菜,2.3,-0.082,2.34
2021-07-04,"C8BB517DE94E538BE0505BCB8D2E1099",0.004,蔬菜,菠菜,6.65,-0.167,6.68
2021-07-04,"C8BB517DE94F538BE0505BCB8D2E1099",0.023,蔬菜,上海青,3.38,-0.233,3.46
2021-07-04,"C8BB517DE950538BE0505BCB8D2E1099",0.138,蔬菜,芹菜,5.1,-0.221,5.8
2021-07-04,"C8BB517DE951538BE0505BCB8D2E1099",0.041,蔬菜,韭菜,3.94,-0.164,4.1
2021-07-04,"C8BB517DE952538BE0505BCB8D2E1099",0.045,蔬菜,油麦菜,3.49,-0.109,3.65
2021-07-04,"C8BB517DE953538BE0505BCB8D2E1099",-0.032,蔬菜,菜心,5.29,-0.074,5.12
2021-07-04,"C8BB517DE954538BE0505BCB8D2E1099",0.161,蔬菜,生菜,3.61,-0.233,4.2
2021-07-04,"C8BB517DE955538BE0505BCB8D2E1099",0.033,蔬菜,蒜苗,7.11,0.083,7.35
2021-07-04,"C8BB517DE956538BE0505BCB8D2E1099",-0.089,蔬菜,冬瓜,1.96,-0.153,1.79
2021-07-04,"C8BB517DE957538BE0505BCB8D2E1099",0.036,蔬菜,黄瓜,3.16,-0.17,3.27
2021-07-04,"C8BB517DE958538BE0505BCB8D2E1099",-0.038,蔬菜,西红柿,4.04,-0.196,3.89
2021-07-04,"C8BB517DE959538BE0505BCB8D2E1099",-0.053,蔬菜,茄子,3.2,-0.183,3.03
2021-07-04,"C8BB517DE95A538BE0505BCB8D2E1099",0.083,蔬菜,白萝卜,1.95,-0.213,2.11
2021-07-04,"C8BB517DE95B538BE0505BCB8D2E1099",-0.045,蔬菜,胡萝卜,2.94,-0.171,2.81
2021-07-04,"C8BB517DE95C538BE0505BCB8D2E1099",-0.052,蔬菜,尖椒,4.39,-0.201,4.16
2021-07-04,"C8BB517DE95D538BE0505BCB8D2E1099",0.015,蔬菜,青圆椒,5.39,-0.091,5.47
2021-07-04,"C8BB517DE95E538BE0505BCB8D2E1099",-0.029,蔬菜,豆角,5.72,0.061,5.55
2021-07-04,"C8BB517DE95F538BE0505BCB8D2E1099",-0.025,蔬菜,白花菜,5.42,0.023,5.29
2021-07-04,"C8BB517DE960538BE0505BCB8D2E1099",-0.1,蔬菜,土豆,2.77,-0.217,2.5
2021-07-04,"C8BB517DE961538BE0505BCB8D2E1099",-0.021,蔬菜,西芹,5.07,-0.124,4.97
2021-07-04,"C8BB517DE962538BE0505BCB8D2E1099",0.024,蔬菜,丝瓜,4.55,-0.045,4.66
2021-07-04,"C8BB517DE963538BE0505BCB8D2E1099",0.048,蔬菜,莴笋,3.57,-0.247,3.75
2021-07-04,"C8BB517DE964538BE0505BCB8D2E1099",0.029,蔬菜,西洋菜,5.58,-0.102,5.74
2021-07-04,"C8BB517DE965538BE0505BCB8D2E1099",0.089,蔬菜,芥菜,3.92,-0.153,4.26
2021-07-04,"C8BB517DE966538BE0505BCB8D2E1099",0.007,蔬菜,通心菜,3.4,-0.038,3.42
2021-07-04,"C8BB517DE967538BE0505BCB8D2E1099",0.092,蔬菜,芥兰,5.3,0.037,5.79
2021-07-04,"C8BB517DE968538BE0505BCB8D2E1099",-0.03,蔬菜,南瓜,2.29,0.042,2.22
2021-07-04,"C8BB517DE969538BE0505BCB8D2E1099",-0.089,蔬菜,莲藕,7.71,0.035,7.03
2021-07-04,"C8BB517DE96A538BE0505BCB8D2E1099",-0.043,蔬菜,奶白菜,5.4,-0.041,5.17
2021-07-04,"C8BB517DE96B538BE0505BCB8D2E1099",0.009,蔬菜,苦瓜,4.19,-0.028,4.23
