MONTH,HB_水产品,类别,JCMC_水产品,SQ_水产品,TB_水产品,BQ_水产品,MONTH,类别,JKMC_肉类,HB_肉类,SQ_肉类,TB_肉类,BQ_肉类,MONTH,HB_蔬菜,类别,JCMC,SQ_蔬菜,TB_蔬菜,BQ_蔬菜
2018/11/1,-0.010821,水产品,活鲤鱼,9.29,0.087951,9.19,2018/11/1,肉蛋,五花肉,0.008926,13.82,-0.020062,13.95,2018/11/1,-0.028884,蔬菜,生姜,7.33,-0.081577,7.12
2018/11/1,-0.009995,水产品,活福寿鱼,8.98,0.135421,8.89,2018/11/1,肉蛋,肋排骨,0.020587,27,0.082752,27.56,2018/11/1,-0.069219,蔬菜,蒜头,5.71,-0.159773,5.32
2018/11/1,-0.021671,水产品,活草鱼,8.85,0.031063,8.65,2018/11/1,肉蛋,梅瘦肉,0.006025,19.1,0.007349,19.22,2018/11/1,-0.29444,蔬菜,大白菜,2.9,-0.007801,2.05
2018/11/1,-0.008416,水产品,活大头鱼,10.6,0.156847,10.51,2018/11/1,肉蛋,精瘦肉,-0.050223,17.46,-0.039477,16.58,2018/11/1,-0.123866,蔬菜,卷心菜,2.8,-0.071917,2.46
2018/11/1,0.000572,水产品,冰鲜带鱼,32.83,0.003469,32.85,2018/11/1,肉蛋,牛肉,-0.004926,43.39,0.005707,43.18,2018/11/1,-0.304283,蔬菜,菠菜,7.32,-0.166791,5.09
2018/11/1,-0.048636,水产品,冰鲜黄花鱼,23.63,-0.159359,22.48,2018/11/1,肉蛋,羊肉,0.029546,38.08,0.080163,39.21,2018/11/1,-0.201476,蔬菜,上海青,4.39,-0.069918,3.51
2018/11/1,0.106336,水产品,冰鲜红三鱼,35.15,-0.016982,38.89,2018/11/1,肉蛋,白条鸡,-0.009715,17.49,0.012919,17.32,2018/11/1,-0.232718,蔬菜,芹菜,7.97,-0.039168,6.11
2018/11/1,-0.05805,水产品,活基围虾,44.25,0.008816,41.68,2018/11/1,肉蛋,白条鸭,-0.002866,12.33,0.035798,12.3,2018/11/1,-0.155987,蔬菜,韭菜,5.53,0.057792,4.67
2019/2/1,0.082257,水产品,活鲤鱼,9.37,0.057013,10.14,2018/11/1,肉蛋,鸡蛋,-0.011133,6.15,0.106129,6.08,2018/11/1,-0.24488,蔬菜,油麦菜,5.04,-0.029335,3.8
2019/2/1,0.064519,水产品,活福寿鱼,8.77,0.045293,9.34,2019/2/1,肉蛋,后腿肉,-0.003207,13.19,-0.064519,13.15,2018/11/1,-0.220364,蔬菜,菜心,5.63,-0.066798,4.39
2019/2/1,0.059936,水产品,活草鱼,8.71,-0.021402,9.24,2019/2/1,肉蛋,五花肉,0.006595,14.22,-0.033193,14.31,2018/11/1,-0.335009,蔬菜,生菜,5.38,-0.106221,3.58
2019/2/1,0.055347,水产品,活大头鱼,10.28,0.052254,10.84,2019/2/1,肉蛋,肋排骨,0.022284,27.09,0.01686,27.69,2018/11/1,-0.056288,蔬菜,蒜苗,7.25,0.055312,6.85
2019/2/1,0.081252,水产品,冰鲜带鱼,34.84,0.010869,37.67,2019/2/1,肉蛋,梅瘦肉,-0.000404,19.6,-0.025628,19.59,2018/11/1,0.022368,蔬菜,冬瓜,2.29,0.125779,2.35
2019/2/1,0.056978,水产品,冰鲜黄花鱼,23.61,-0.151774,24.95,2019/2/1,肉蛋,精瘦肉,0.013473,17.84,-0.025928,18.08,2018/11/1,-0.220793,蔬菜,黄瓜,4.83,-0.027227,3.76
2019/2/1,0.060451,水产品,冰鲜红三鱼,40.58,-0.014499,43.03,2019/2/1,肉蛋,牛肉,0.111609,45.01,0.165373,50.03,2018/11/1,-0.180718,蔬菜,西红柿,6.92,0.261533,5.67
2019/2/1,0.113771,水产品,活基围虾,46.18,-0.106224,51.43,2019/2/1,肉蛋,羊肉,0.005627,42.56,0.153839,42.8,2018/11/1,-0.053689,蔬菜,茄子,4.49,-0.011416,4.25
2018/12/1,-0.001835,水产品,活鲤鱼,9.19,0.083727,9.18,2019/2/1,肉蛋,白条鸡,0.041218,18.03,0.061102,18.77,2018/11/1,-0.222162,蔬菜,白萝卜,2.3,-0.130666,1.79
2018/12/1,-0.038759,水产品,活福寿鱼,8.89,0.099052,8.54,2019/2/1,肉蛋,白条鸭,0.031393,13.07,0.083399,13.48,2018/11/1,-0.040648,蔬菜,胡萝卜,3.59,0.14473,3.45
2018/12/1,-0.021992,水产品,活草鱼,8.65,0.016176,8.46,2019/2/1,肉蛋,鸡蛋,0.014664,5.91,-0.004667,6,2018/11/1,-0.151743,蔬菜,尖椒,5.99,0.219824,5.08
2018/12/1,-0.007047,水产品,活大头鱼,10.51,0.194436,10.44,2018/12/1,肉蛋,后腿肉,0.018809,12.75,0.005091,12.99,2018/11/1,-0.159573,蔬菜,青圆椒,8.39,0.412341,7.05
2018/12/1,0.04515,水产品,冰鲜带鱼,32.85,0.039973,34.33,2018/12/1,肉蛋,五花肉,0.03418,13.95,0.054694,14.42,2018/11/1,-0.080348,蔬菜,豆角,5.67,-0.021384,5.21
2018/12/1,-0.020583,水产品,冰鲜黄花鱼,22.48,-0.166975,22.02,2018/12/1,肉蛋,肋排骨,-0.018002,27.56,0.04172,27.06,2018/11/1,-0.104779,蔬菜,白花菜,6.85,0.164711,6.14
2018/12/1,0.023014,水产品,冰鲜红三鱼,38.89,0.013597,39.78,2018/12/1,肉蛋,梅瘦肉,0.020454,19.22,0.021888,19.61,2018/11/1,-0.05734,蔬菜,土豆,3.35,0.06606,3.16
2018/12/1,-0.009972,水产品,活基围虾,41.68,-0.023927,41.27,2018/12/1,肉蛋,精瘦肉,0.040756,16.58,-0.013985,17.26,2018/11/1,-0.200467,蔬菜,西芹,6.04,0.13949,4.83
2019/1/1,0.020612,水产品,活鲤鱼,9.18,0.114745,9.37,2018/12/1,肉蛋,牛肉,-0.012306,43.18,0.009142,42.64,2018/11/1,-0.146552,蔬菜,丝瓜,6.76,-0.021547,5.77
2019/1/1,0.026489,水产品,活福寿鱼,8.54,0.123742,8.77,2018/12/1,肉蛋,羊肉,0.030581,39.21,0.178264,40.41,2018/11/1,-0.219542,蔬菜,莴笋,4.41,-0.075864,3.44
2019/1/1,0.029415,水产品,活草鱼,8.46,0.040232,8.71,2018/12/1,肉蛋,白条鸡,0.013834,17.32,0.030102,17.56,2018/11/1,-0.271668,蔬菜,西洋菜,6.87,-0.086148,5
2019/1/1,-0.015761,水产品,活大头鱼,10.44,0.160382,10.28,2018/12/1,肉蛋,白条鸭,0.025587,12.3,0.059146,12.61,2018/11/1,-0.13285,蔬菜,芥菜,4.69,-0.001995,4.07
2019/1/1,0.014757,水产品,冰鲜带鱼,34.33,0.033066,34.84,2018/12/1,肉蛋,鸡蛋,-0.007358,6.08,0.044139,6.04,2018/11/1,-0.079355,蔬菜,通心菜,4.69,0.013351,4.32
2019/1/1,0.072278,水产品,冰鲜黄花鱼,22.02,-0.146868,23.61,2019/1/1,肉蛋,后腿肉,0.01573,12.99,-0.000479,13.19,2018/11/1,-0.21219,蔬菜,芥兰,6.28,-0.033291,4.95
2019/1/1,0.019995,水产品,冰鲜红三鱼,39.78,0.033838,40.58,2019/1/1,肉蛋,五花肉,-0.01436,14.42,0.009554,14.22,2018/11/1,-0.063471,蔬菜,南瓜,2.26,-0.092773,2.12
2019/1/1,0.119079,水产品,活基围虾,41.27,0.013493,46.18,2019/1/1,肉蛋,肋排骨,0.00103,27.06,0.040276,27.09,2018/11/1,-0.009434,蔬菜,莲藕,4.84,-0.02343,4.8
2019/3/1,-0.058686,水产品,活鲤鱼,10.14,-0.009927,9.54,2019/1/1,肉蛋,梅瘦肉,-0.000456,19.61,0.017125,19.6,2018/11/1,-0.143841,蔬菜,奶白菜,5.41,0.016174,4.63
2019/3/1,-0.062269,水产品,活福寿鱼,9.34,0.007938,8.75,2019/1/1,肉蛋,精瘦肉,0.033677,17.26,0.017559,17.84,2018/11/1,-0.151234,蔬菜,苦瓜,5.94,-0.027383,5.04
2019/3/1,-0.083799,水产品,活草鱼,9.24,-0.050455,8.46,2019/1/1,肉蛋,牛肉,0.055469,42.64,0.04843,45.01,2019/2/1,0.018637,蔬菜,生姜,7.06,0.012441,7.19
2019/3/1,-0.066226,水产品,活大头鱼,10.84,0.036792,10.13,2019/1/1,肉蛋,羊肉,0.053337,40.41,0.217169,42.56,2019/2/1,0.073067,蔬菜,蒜头,5.6,-0.077751,6.01
2019/3/1,-0.163901,水产品,冰鲜带鱼,37.67,-0.04834,31.49,2019/1/1,肉蛋,白条鸡,0.026812,17.56,0.054466,18.03,2019/2/1,0.212162,蔬菜,大白菜,1.85,0.132327,2.24
2019/3/1,-0.068762,水产品,冰鲜黄花鱼,24.95,-0.136705,23.24,2019/1/1,肉蛋,白条鸭,0.036508,12.61,0.106053,13.07,2019/2/1,0.127214,蔬菜,卷心菜,2.23,-0.007311,2.52
2019/3/1,-0.097304,水产品,冰鲜红三鱼,43.03,-0.020453,38.84,2019/1/1,肉蛋,鸡蛋,-0.021267,6.04,-0.012335,5.91,2019/2/1,0.011614,蔬菜,菠菜,5.53,-0.115577,5.59
2019/3/1,-0.126066,水产品,活基围虾,51.43,-0.168595,44.95,2019/3/1,肉蛋,后腿肉,-0.014366,13.15,-0.017986,12.96,2019/2/1,0.059965,蔬菜,上海青,4.12,-0.079205,4.36
2018/8/1,-0.013765,水产品,活鲤鱼,9.41,0.112475,9.28,2019/3/1,肉蛋,五花肉,-0.040238,14.31,-0.011777,13.73,2018/12/1,-0.010592,蔬菜,生姜,7.12,-0.075121,7.04
2018/8/1,-0.000455,水产品,活福寿鱼,8.85,0.141563,8.84,2019/3/1,肉蛋,肋排骨,-0.048028,27.69,0.008242,26.36,2018/12/1,0.015199,蔬菜,蒜头,5.32,-0.176116,5.4
2018/8/1,-0.02216,水产品,活草鱼,8.78,-0.017704,8.58,2019/3/1,肉蛋,梅瘦肉,-0.022513,19.59,-0.024733,19.15,2018/12/1,-0.147382,蔬菜,大白菜,2.05,-0.035465,1.75
2018/8/1,-0.0043,水产品,活大头鱼,10.43,0.128361,10.39,2019/3/1,肉蛋,精瘦肉,-0.042135,18.08,-0.014887,17.32,2018/12/1,-0.06721,蔬菜,卷心菜,2.46,-0.127532,2.29
2018/8/1,-0.019151,水产品,冰鲜带鱼,36.34,-0.019127,35.64,2019/3/1,肉蛋,牛肉,-0.018018,50.03,0.128828,49.13,2018/12/1,0.008609,蔬菜,菠菜,5.09,-0.053734,5.13
2018/8/1,-0.071354,水产品,冰鲜黄花鱼,23.66,-0.204423,21.97,2019/3/1,肉蛋,羊肉,-0.013187,42.8,0.151908,42.24,2018/12/1,0.027973,蔬菜,上海青,3.51,0.036768,3.61
2018/8/1,0.014312,水产品,冰鲜红三鱼,41.33,0.042961,41.93,2019/3/1,肉蛋,白条鸡,-0.048741,18.77,0.028971,17.86,2018/12/1,-0.173375,蔬菜,芹菜,6.11,-0.107289,5.05
2018/8/1,-0.078603,水产品,活基围虾,44.24,-0.012425,40.76,2019/3/1,肉蛋,白条鸭,-0.085693,13.48,0.036379,12.33,2018/12/1,0.005777,蔬菜,韭菜,4.67,0.047653,4.7
2018/9/1,0.011424,水产品,活鲤鱼,9.28,0.094625,9.38,2019/3/1,肉蛋,鸡蛋,-0.040467,6,0.015711,5.75,2018/12/1,-0.065522,蔬菜,油麦菜,3.8,-0.042252,3.56
2018/9/1,0.017247,水产品,活福寿鱼,8.84,0.141004,9,2018/8/1,肉蛋,五花肉,0.036481,12.59,-0.066739,13.05,2018/12/1,0.057839,蔬菜,菜心,4.39,-0.153271,4.65
2018/9/1,0.041885,水产品,活草鱼,8.58,-0.011147,8.94,2018/8/1,肉蛋,肋排骨,0.046035,24.83,0.055386,25.97,2018/12/1,-0.111825,蔬菜,生菜,3.58,-0.067367,3.18
2018/9/1,0.006051,水产品,活大头鱼,10.39,0.129074,10.45,2018/8/1,肉蛋,梅瘦肉,0.028196,18.35,0.065462,18.87,2018/12/1,0.000049,蔬菜,蒜苗,6.85,0.059374,6.85
2018/9/1,-0.023096,水产品,冰鲜带鱼,35.64,0.053844,34.82,2018/8/1,肉蛋,精瘦肉,0.071108,14.84,-0.060539,15.9,2018/12/1,-0.016205,蔬菜,冬瓜,2.35,0.084859,2.31
2018/9/1,0.058949,水产品,冰鲜黄花鱼,21.97,-0.159621,23.27,2018/8/1,肉蛋,牛肉,0,43.43,0.011647,43.43,2018/12/1,0.242161,蔬菜,黄瓜,3.76,0.192421,4.67
2018/9/1,-0.077352,水产品,冰鲜红三鱼,41.93,0.033805,38.68,2018/8/1,肉蛋,羊肉,0,31.87,-0.002844,31.87,2018/12/1,-0.099549,蔬菜,西红柿,5.67,0.174497,5.1
2018/9/1,0.078526,水产品,活基围虾,40.76,0.074114,43.96,2018/8/1,肉蛋,白条鸡,0.007633,17.43,0.054118,17.56,2018/12/1,0.018977,蔬菜,茄子,4.25,-0.05075,4.33
2018/10/1,-0.009459,水产品,活鲤鱼,9.38,0.076424,9.29,2018/8/1,肉蛋,白条鸭,0.014083,12.2,0.108538,12.37,2018/12/1,-0.044399,蔬菜,白萝卜,1.79,-0.06367,1.71
2018/10/1,-0.00201,水产品,活福寿鱼,9,0.125972,8.98,2018/8/1,肉蛋,鸡蛋,0.077925,5.39,0.1745,5.81,2018/12/1,-0.016614,蔬菜,胡萝卜,3.45,0.09225,3.39
2018/10/1,-0.010819,水产品,活草鱼,8.94,-0.016941,8.85,2018/9/1,肉蛋,后腿肉,0.035687,12.44,-0.022614,12.89,2018/12/1,-0.259374,蔬菜,尖椒,5.08,-0.174971,3.76
2018/10/1,0.014479,水产品,活大头鱼,10.45,0.137909,10.6,2018/9/1,肉蛋,五花肉,0.057076,13.05,-0.026049,13.79,2018/12/1,-0.221902,蔬菜,青圆椒,7.05,0.06159,5.49
2018/10/1,-0.057138,水产品,冰鲜带鱼,34.82,-0.009286,32.83,2018/9/1,肉蛋,肋排骨,0.007949,25.97,0.006001,26.18,2018/12/1,0.19092,蔬菜,豆角,5.21,-0.045569,6.21
2018/10/1,0.01557,水产品,冰鲜黄花鱼,23.27,-0.15437,23.63,2018/9/1,肉蛋,梅瘦肉,0.015005,18.87,0.075497,19.15,2018/12/1,-0.097271,蔬菜,白花菜,6.14,0.082151,5.54
2018/10/1,-0.091321,水产品,冰鲜红三鱼,38.68,-0.066498,35.15,2018/9/1,肉蛋,精瘦肉,0.046461,15.9,-0.02819,16.64,2018/12/1,0.007785,蔬菜,土豆,3.16,0.082111,3.18
2018/10/1,0.006496,水产品,活基围虾,43.96,0.029779,44.25,2018/9/1,肉蛋,牛肉,0.001957,43.43,0.013627,43.52,2018/12/1,-0.156815,蔬菜,西芹,4.83,-0.043527,4.07
2019/4/1,-0.024997,水产品,活鲤鱼,9.54,-0.024895,9.3,2018/9/1,肉蛋,羊肉,0.031817,31.87,0.031817,32.88,2018/12/1,-0.027923,蔬菜,丝瓜,5.77,-0.133713,5.61
2019/4/1,-0.015364,水产品,活福寿鱼,8.75,-0.002546,8.62,2018/9/1,肉蛋,白条鸡,0.016453,17.56,0.05535,17.85,2018/12/1,-0.057709,蔬菜,莴笋,3.44,-0.055232,3.24
2019/4/1,0.06435,水产品,活草鱼,8.46,0.020336,9.01,2018/9/1,肉蛋,白条鸭,0.009964,12.37,0.061257,12.49,2018/12/1,0.004898,蔬菜,西洋菜,5,-0.001151,5.03
2019/4/1,0.008839,水产品,活大头鱼,10.13,0.038161,10.22,2018/9/1,肉蛋,鸡蛋,0.054167,5.81,0.106242,6.13,2018/12/1,-0.096413,蔬菜,芥菜,4.07,-0.049504,3.68
2019/4/1,0.02318,水产品,冰鲜带鱼,31.49,-0.033417,32.22,2018/10/1,肉蛋,后腿肉,0.00313,12.89,-0.025683,12.93,2018/12/1,0.114359,蔬菜,通心菜,4.32,0.031028,4.81
2019/4/1,0.003787,水产品,冰鲜黄花鱼,23.24,-0.115336,23.33,2018/10/1,肉蛋,五花肉,0.002109,13.79,-0.014575,13.82,2018/12/1,-0.04076,蔬菜,芥兰,4.95,-0.092555,4.75
2019/4/1,-0.01869,水产品,冰鲜红三鱼,38.84,-0.042261,38.12,2018/10/1,肉蛋,肋排骨,0.031309,26.18,0.025076,27,2018/12/1,0.004553,蔬菜,南瓜,2.12,-0.093519,2.13
2019/4/1,0.073127,水产品,活基围虾,44.95,0.090979,48.24,2018/10/1,肉蛋,梅瘦肉,-0.002593,19.15,0.04897,19.1,2018/12/1,0.006917,蔬菜,莲藕,4.8,-0.015026,4.83
2019/6/1,-0.012552,水产品,活鲤鱼,9.1,-0.033502,8.98,2018/10/1,肉蛋,精瘦肉,0.049306,16.64,0.000657,17.46,2018/12/1,-0.018573,蔬菜,奶白菜,4.63,0.065113,4.55
2019/6/1,-0.024967,水产品,活福寿鱼,8.51,-0.042416,8.3,2018/10/1,肉蛋,牛肉,-0.002901,43.52,0.008113,43.39,2018/12/1,-0.00179,蔬菜,苦瓜,5.04,-0.031218,5.03
2019/6/1,-0.023905,水产品,活草鱼,8.56,-0.041409,8.35,2018/10/1,肉蛋,羊肉,0.158061,32.88,0.039766,38.08,2019/2/1,0.157594,蔬菜,油麦菜,3.79,0.005396,4.39
2019/6/1,0.015903,水产品,活大头鱼,9.9,-0.010412,10.05,2018/10/1,肉蛋,白条鸡,-0.020231,17.85,0.026196,17.49,2019/2/1,0.228487,蔬菜,芹菜,4.83,0.010152,5.94
2019/6/1,0.00134,水产品,冰鲜带鱼,35.41,0.008817,35.46,2018/10/1,肉蛋,白条鸭,-0.012829,12.49,0.021056,12.33,2019/2/1,-0.02917,蔬菜,韭菜,5.49,0.01102,5.33
2019/6/1,-0.021118,水产品,冰鲜黄花鱼,23.03,-0.092174,22.55,2018/10/1,肉蛋,鸡蛋,0.004026,6.13,0.106674,6.15,2019/2/1,0.11199,蔬菜,菜心,5.2,-0.205882,5.78
2019/6/1,-0.036484,水产品,冰鲜红三鱼,40.26,-0.031808,38.79,2018/11/1,肉蛋,后腿肉,-0.013899,12.93,-0.041284,12.75,2019/2/1,0.242057,蔬菜,生菜,3.66,-0.031464,4.55
2019/6/1,-0.133811,水产品,活基围虾,50.81,0.007761,44.01,2019/4/1,肉蛋,后腿肉,-0.018092,12.96,0.013942,12.73,2019/2/1,0.120017,蔬菜,蒜苗,7.08,0.131139,7.93
2019/7/1,0.027781,水产品,活鲤鱼,8.98,-0.01848,9.23,2019/4/1,肉蛋,五花肉,0.017986,13.73,0.043361,13.98,2019/2/1,-0.015786,蔬菜,冬瓜,2.57,-0.063251,2.53
2019/7/1,0.042891,水产品,活福寿鱼,8.3,-0.021831,8.65,2019/4/1,肉蛋,肋排骨,-0.000038,26.36,0.076162,26.36,2019/2/1,0.236629,蔬菜,黄瓜,4.83,0.114531,5.97
2019/7/1,-0.005479,水产品,活草鱼,8.35,-0.053612,8.31,2019/4/1,肉蛋,梅瘦肉,-0.004386,19.15,-0.006435,19.07,2019/2/1,0.088031,蔬菜,西红柿,4.79,0.106103,5.21
2019/7/1,0.021592,水产品,活大头鱼,10.05,-0.015593,10.27,2019/4/1,肉蛋,精瘦肉,-0.027577,17.32,0.047564,16.84,2019/2/1,0.024858,蔬菜,茄子,4.72,-0.213209,4.84
2019/7/1,-0.023925,水产品,冰鲜带鱼,35.46,-0.047487,34.61,2019/4/1,肉蛋,牛肉,-0.09667,49.13,0.029339,44.38,2019/2/1,0.19533,蔬菜,白萝卜,1.91,-0.067522,2.28
2019/7/1,0.003133,水产品,冰鲜黄花鱼,22.55,-0.044064,22.62,2019/4/1,肉蛋,羊肉,-0.079269,42.24,0.19873,38.89,2019/2/1,0.038059,蔬菜,胡萝卜,3.48,-0.044971,3.61
2019/7/1,0.047437,水产品,冰鲜红三鱼,38.79,-0.017002,40.63,2019/4/1,肉蛋,白条鸡,0.063804,17.86,0.105622,19,2019/2/1,0.22907,蔬菜,尖椒,3.91,-0.202517,4.81
2019/7/1,-0.075561,水产品,活基围虾,44.01,-0.080422,40.68,2019/4/1,肉蛋,白条鸭,-0.012494,12.33,0.022342,12.17,2019/2/1,0.187754,蔬菜,青圆椒,5.4,0.078029,6.41
2019/5/1,-0.02211,水产品,活鲤鱼,9.3,-0.028377,9.1,2019/4/1,肉蛋,鸡蛋,-0.036496,5.75,0.014085,5.54,2019/2/1,0.314204,蔬菜,豆角,6.74,0.071422,8.86
2019/5/1,-0.012656,水产品,活福寿鱼,8.62,-0.010129,8.51,2019/6/1,肉蛋,后腿肉,0.076774,12.07,0.107729,12.99,2019/2/1,-0.049231,蔬菜,白花菜,5.19,-0.147884,4.94
2019/5/1,-0.049775,水产品,活草鱼,9.01,-0.023926,8.56,2019/6/1,肉蛋,五花肉,0.066489,13.77,0.179504,14.69,2019/2/1,0.029882,蔬菜,土豆,3.31,0.105053,3.41
2019/5/1,-0.031196,水产品,活大头鱼,10.22,0.006286,9.9,2019/6/1,肉蛋,肋排骨,0.012959,26.42,0.098019,26.76,2019/2/1,0.239158,蔬菜,西芹,3.87,0.119238,4.8
2019/5/1,0.098953,水产品,冰鲜带鱼,32.22,0.006722,35.41,2019/6/1,肉蛋,梅瘦肉,0.002948,18.83,0.032234,18.88,2019/2/1,-0.024787,蔬菜,丝瓜,6.52,-0.183434,6.36
2019/5/1,-0.012552,水产品,冰鲜黄花鱼,23.33,-0.112915,23.03,2019/6/1,肉蛋,精瘦肉,0.008365,16.83,0.119545,16.97,2019/2/1,0.09593,蔬菜,莴笋,3.42,-0.027171,3.75
2019/5/1,0.056192,水产品,冰鲜红三鱼,38.12,0.014117,40.26,2019/6/1,肉蛋,牛肉,0.005175,43.12,-0.002,43.34,2019/2/1,0.001725,蔬菜,西洋菜,5.09,0.002877,5.1
2019/5/1,0.053287,水产品,活基围虾,48.24,0.175176,50.81,2019/6/1,肉蛋,羊肉,0.010946,38.25,0.231389,38.67,2019/2/1,0.009889,蔬菜,芥菜,3.91,-0.101657,3.95
2019/8/1,0.036405,水产品,带鱼,34.61,0.006465,35.87,2019/6/1,肉蛋,白条鸡,0.023698,18.9,0.11214,19.35,2019/2/1,0.03561,蔬菜,通心菜,5.45,0.057878,5.64
2019/8/1,0.000893,水产品,大头鱼,10.27,-0.010458,10.28,2019/6/1,肉蛋,白条鸭,0.026552,12.27,0.02932,12.6,2019/2/1,0.287585,蔬菜,芥兰,5.1,-0.143835,6.56
2019/8/1,0.000199,水产品,草鱼,8.31,-0.031972,8.31,2019/6/1,肉蛋,鸡蛋,0.036826,5.95,0.110606,6.17,2019/2/1,0.055008,蔬菜,南瓜,2.3,-0.237464,2.43
2019/9/1,-0.01845,水产品,带鱼,35.87,0.011251,35.21,2019/7/1,肉蛋,后腿肉,0.044077,12.99,0.150229,13.57,2019/1/1,0.001865,蔬菜,生姜,7.04,0.001238,7.06
2019/9/1,0.00495,水产品,大头鱼,10.28,-0.011542,10.33,2019/7/1,肉蛋,五花肉,0.042961,14.69,0.216935,15.32,2019/1/1,0.036633,蔬菜,蒜头,5.4,-0.138187,5.6
2019/9/1,0.053342,水产品,草鱼,8.31,-0.021327,8.75,2019/7/1,肉蛋,肋排骨,0.056944,26.76,0.139278,28.29,2019/1/1,0.059373,蔬菜,大白菜,1.75,0.087017,1.85
2019/10/7,-0.06,水产品,带鱼,35.21,0.01,33.14,2019/7/1,肉蛋,梅瘦肉,0.059415,18.88,0.090226,20.01,2019/1/1,-0.025208,蔬菜,卷心菜,2.29,-0.073746,2.23
2019/10/7,-0.03,水产品,大头鱼,10.33,-0.06,10.02,2019/7/1,肉蛋,精瘦肉,0.085,16.97,0.240487,18.41,2019/1/1,0.076005,蔬菜,菠菜,5.13,0.078801,5.53
2019/10/7,-0.03,水产品,草鱼,8.75,-0.04,8.46,2019/7/1,肉蛋,牛肉,-0.000093,43.34,-0.002092,43.34,2019/1/1,0.141684,蔬菜,上海青,3.61,0.152529,4.12
2019/11/9,0.045,水产品,带鱼,33.14,0.055,34.64,2019/7/1,肉蛋,羊肉,0.00034,38.67,0.213681,38.68,2019/1/1,-0.043632,蔬菜,芹菜,5.05,-0.141458,4.83
2019/11/9,0.019,水产品,大头鱼,10.02,-0.029,10.21,2019/7/1,肉蛋,白条鸡,-0.057464,19.35,0.046247,18.24,2019/1/1,0.167544,蔬菜,韭菜,4.7,-0.013743,5.49
2019/11/9,-0.006,水产品,草鱼,8.46,-0.028,8.41,2019/7/1,肉蛋,白条鸭,0.022391,12.6,0.055862,12.88,2019/1/1,0.066281,蔬菜,油麦菜,3.56,0.008348,3.79
2020/2/27,0.045,水产品,带鱼,36.34,0.009,37.99,2019/7/1,肉蛋,鸡蛋,-0.005863,6.17,0.137676,6.13,2019/1/1,0.118873,蔬菜,菜心,4.65,0.057452,5.2
2020/2/27,0.072,水产品,大头鱼,10.78,0.066,11.56,2019/5/1,肉蛋,后腿肉,-0.051801,12.73,0.040905,12.07,2019/1/1,0.152803,蔬菜,生菜,3.18,-0.007898,3.66
2020/2/27,0.042,水产品,草鱼,9.12,0.029,9.5,2019/5/1,肉蛋,五花肉,-0.014794,13.98,0.093891,13.77,2019/1/1,0.034412,蔬菜,蒜苗,6.85,0.113756,7.08
2020/4/8,0.071,水产品,带鱼,31.73,0.054,33.97,2019/5/1,肉蛋,肋排骨,0.002364,26.36,0.112802,26.42,2019/1/1,0.114554,蔬菜,冬瓜,2.31,0.134588,2.57
2020/4/8,0.075,水产品,大头鱼,10.33,0.087,11.11,2019/5/1,肉蛋,梅瘦肉,-0.012525,19.07,-0.002824,18.83,2019/1/1,0.034145,蔬菜,黄瓜,4.67,0.272169,4.83
2020/4/8,0.047,水产品,草鱼,8.36,-0.028,8.75,2019/5/1,肉蛋,精瘦肉,-0.000553,16.84,0.06262,16.83,2019/1/1,-0.061656,蔬菜,西红柿,5.1,0.112475,4.79
2020/5/2,0.012,水产品,带鱼,33.97,-0.029,34.38,2019/5/1,肉蛋,牛肉,-0.028424,44.38,-0.007138,43.12,2019/1/1,0.089147,蔬菜,茄子,4.33,-0.051486,4.72
2020/5/2,-0.018,水产品,大头鱼,11.11,0.103,10.91,2019/5/1,肉蛋,羊肉,-0.016453,38.89,0.225903,38.25,2019/1/1,0.117147,蔬菜,白萝卜,1.71,0.091354,1.91
2020/5/2,0.016,水产品,草鱼,8.75,0.039,8.89,2019/5/1,肉蛋,白条鸡,-0.005211,19,0.105263,18.9,2019/1/1,0.026683,蔬菜,胡萝卜,3.39,0.017818,3.48
2020/8/3,-0.012,水产品,带鱼,34.48,-0.05,34.08,2019/5/1,肉蛋,白条鸭,0.008051,12.17,0.023139,12.27,2019/1/1,0.039793,蔬菜,尖椒,3.76,-0.18293,3.91
2020/8/3,0.035,水产品,大头鱼,10.19,0.026,10.55,2019/5/1,肉蛋,鸡蛋,0.073478,5.54,0.07503,5.95,2019/1/1,-0.016193,蔬菜,青圆椒,5.49,0.114512,5.4
2020/8/3,-0.003,水产品,草鱼,8.84,0.061,8.81,2019/8/1,肉蛋奶,猪肉,0.225729,19.12,0.358687,23.43,2019/1/1,0.086064,蔬菜,豆角,6.21,0.006825,6.74
2020/10/2,-0.021,水产品,带鱼,34.08,-0.053,33.35,2019/8/1,肉蛋奶,其中:精瘦肉,0.267829,18.41,0.468315,23.34,2019/1/1,-0.062596,蔬菜,白花菜,5.54,0.014865,5.19
2020/10/2,0.02,水产品,大头鱼,10.55,0.041,10.76,2019/8/1,肉蛋奶,     肋排骨,0.164272,28.29,0.268055,32.94,2019/1/1,0.04039,蔬菜,土豆,3.18,0.071933,3.31
2020/10/2,-0.03,水产品,草鱼,8.81,-0.024,8.55,2019/8/1,肉蛋奶,牛肉,0.041201,43.34,0.039023,45.12,2019/1/1,-0.049163,蔬菜,西芹,4.07,-0.005638,3.87
2021/1/2,0.009,水产品,带鱼,33.65,-0.066,33.95,2019/8/1,肉蛋奶,白条鸡,0.052257,18.24,0.092581,19.19,2019/1/1,0.162921,蔬菜,丝瓜,5.61,-0.002761,6.52
2021/1/2,0.032,水产品,大头鱼,10.1,-0.033,10.43,2019/8/1,肉蛋奶,鸡蛋,0.048817,6.13,0.106954,6.43,2019/1/1,0.054932,蔬菜,莴笋,3.24,-0.069936,3.42
2021/1/2,0.001,水产品,草鱼,8.5,-0.067,8.51,2019/9/1,肉蛋奶,猪肉,0.208452,23.43,0.597261,28.32,2019/1/1,0.013574,蔬菜,西洋菜,5.03,0.135968,5.09
2021/2/4,0.004,水产品,带鱼,33.95,-0.103,34.09,2019/9/1,肉蛋奶,其中:精瘦肉,0.257681,23.34,0.764683,29.36,2019/1/1,0.063203,蔬菜,芥菜,3.68,0.070644,3.91
2021/2/4,0.048,水产品,大头鱼,10.43,-0.054,10.93,2019/9/1,肉蛋奶,     肋排骨,0.18584,32.94,0.491851,39.06,2019/1/1,0.132613,蔬菜,通心菜,4.81,-0.034008,5.45
2021/2/4,0.095,水产品,草鱼,8.51,-0.02,9.32,2019/9/1,肉蛋奶,牛肉,0.040801,45.12,0.079304,46.97,2019/1/1,0.073322,蔬菜,芥兰,4.75,0.031767,5.1
2021/3/2,-0.064,水产品,带鱼,34.09,-0.055,31.92,2019/9/1,肉蛋奶,白条鸡,0.081749,19.19,0.162768,20.76,2019/1/1,0.083071,蔬菜,南瓜,2.13,-0.115431,2.3
2021/3/2,-0.081,水产品,大头鱼,10.93,-0.087,10.04,2019/9/1,肉蛋奶,鸡蛋,0.057694,6.43,0.110658,6.81,2019/1/1,0.023057,蔬菜,莲藕,4.83,0.013564,4.94
2021/3/2,0.011,水产品,草鱼,9.32,0.059,9.42,2019/10/7,肉蛋奶,猪肉,0.12,28.32,0.75,31.64,2019/1/1,0.048123,蔬菜,奶白菜,4.55,0.078184,4.76
2021/4/6,-0.068,水产品,带鱼,31.92,-0.124,29.75,2019/10/7,肉蛋奶,其中:精瘦肉,0.08,29.36,0.82,31.68,2019/1/1,0.259673,蔬菜,苦瓜,5.03,0.144027,6.34
2021/4/6,0.001,水产品,大头鱼,10.04,-0.095,10.05,2019/10/7,肉蛋奶,     肋排骨,0.08,39.06,0.56,42,2019/2/1,0.312644,蔬菜,莲藕,4.94,0.051256,6.49
2021/4/6,0.034,水产品,草鱼,9.42,0.114,9.75,2019/10/7,肉蛋奶,牛肉,0.04,46.97,0.12,48.61,2019/2/1,0.092794,蔬菜,奶白菜,4.76,-0.026791,5.21
2021/5/23,0.04,水产品,带鱼,29.75,-0.101,30.92,2019/10/7,肉蛋奶,白条鸡,-0.01,20.76,0.18,20.57,2019/2/1,0.054157,蔬菜,苦瓜,6.34,0.008732,6.68
2021/5/23,0.062,水产品,大头鱼,10.05,-0.022,10.67,2019/10/7,肉蛋奶,鸡蛋,-0.01,6.8,0.1,6.76,2019/3/1,0.002666,蔬菜,生姜,7.19,0.006166,7.21
2021/5/23,0.092,水产品,草鱼,9.75,0.197,10.65,2019/11/9,肉蛋奶,猪肉,0.146,31.64,1.013,36.25,2019/3/1,0.109594,蔬菜,蒜头,6.01,0.027943,6.66
2021/7/4,0.007,水产品,活鲤鱼,11.17,0.062,11.24,2019/11/9,肉蛋奶,精瘦肉,0.138,31.68,1.174,36.05,2018/8/1,-0.004995,蔬菜,生姜,7.05,0.016533,7.01
2021/7/4,-0.008,水产品,活福寿鱼,9.14,-0.085,9.07,2019/11/9,肉蛋奶,     肋排骨,0.045,42,0.593,43.91,2018/8/1,0.004009,蔬菜,蒜头,5.44,-0.210535,5.46
2021/7/4,-0.024,水产品,活草鱼,10.65,0.214,10.39,2019/11/9,肉蛋奶,牛肉,-0.008,48.61,0.117,48.24,2018/8/1,0.002241,蔬菜,大白菜,2.67,0.051422,2.67
2021/7/4,-0.001,水产品,活大头鱼,10.67,-0.002,10.66,2019/11/9,肉蛋奶,白条鸡,0.01,20.57,0.2,20.78,2018/8/1,0.007142,蔬菜,卷心菜,2.81,0.04342,2.83
2021/7/4,0.057,水产品,冰鲜带鱼,30.92,-0.047,32.68,2019/11/9,肉蛋奶,鸡蛋,0.034,6.77,0.15,6.99,2018/8/1,0.048376,蔬菜,菠菜,7.6,0.08982,7.97
2021/7/4,-0.009,水产品,冰鲜黄花鱼,21.43,-0.107,21.24,2020/2/27,肉蛋奶,猪肉,0.093,37.41,1.202,40.87,2018/8/1,0.048111,蔬菜,上海青,3.92,-0.105437,4.11
2021/7/4,0.016,水产品,冰鲜红三鱼,39.01,-0.064,39.65,2020/2/27,肉蛋奶,其中:精瘦肉,0.071,37.65,1.23,40.31,2018/8/1,0.127899,蔬菜,芹菜,6,-0.000788,6.77
2021/7/4,-0.101,水产品,活基围虾,45.26,-0.064,40.71,2020/2/27,肉蛋奶,     肋排骨,0.134,45.52,0.864,51.63,2018/8/1,0.004086,蔬菜,韭菜,4.06,-0.109229,4.08
2021/7/4,-0.013,水产品,活鲤鱼,11.24,0.048,11.1,2020/2/27,肉蛋奶,牛肉,0.12,50.57,0.132,56.63,2018/8/1,0.094177,蔬菜,油麦菜,3.85,-0.054301,4.22
2021/7/4,-0.016,水产品,活福寿鱼,9.07,0.005,8.93,2020/2/27,肉蛋奶,白条鸡,0.081,20.24,0.166,21.89,2018/8/1,0.040515,蔬菜,菜心,5.46,0.024777,5.68
2021/7/4,-0.035,水产品,活草鱼,10.39,0.134,10.02,2020/2/27,肉蛋奶,鸡蛋,-0.018,6.89,0.129,6.77,2018/8/1,0.048597,蔬菜,生菜,3.79,-0.198483,3.97
2021/7/4,-0.042,水产品,活大头鱼,10.66,0.002,10.21,2020/4/8,肉蛋奶,猪肉,0.018,36.29,1.076,36.94,2018/8/1,0.030575,蔬菜,蒜苗,6.16,-0.006529,6.35
2021/7/4,0.07,水产品,冰鲜带鱼,32.68,0.014,34.95,2020/4/8,肉蛋奶,其中:精瘦肉,0.01,35.11,1.106,35.46,2018/8/1,-0.006566,蔬菜,冬瓜,2.1,0.013483,2.09
2021/7/4,0.049,水产品,冰鲜黄花鱼,21.24,-0.053,22.28,2020/4/8,肉蛋奶,     肋排骨,-0.018,45.17,0.682,44.34,2018/8/1,0.180046,蔬菜,黄瓜,3.57,0.116884,4.21
2021/7/4,-0.021,水产品,冰鲜红三鱼,39.65,-0.077,38.8,2020/4/8,肉蛋奶,牛肉,0.04,48.79,0.143,50.72,2018/8/1,-0.025156,蔬菜,西红柿,4.3,-0.140656,4.19
2021/7/4,-0.109,水产品,活基围虾,40.71,-0.123,36.28,2020/4/8,肉蛋奶,白条鸡,0.021,20.94,0.126,21.39,2018/8/1,-0.036521,蔬菜,茄子,3.54,-0.085371,3.41
,,,,,,,2020/4/8,肉蛋奶,鸡蛋,0.049,6.35,0.202,6.66,2018/8/1,0.159839,蔬菜,白萝卜,2.08,0.046738,2.41
,,,,,,,2020/5/2,肉蛋奶,猪肉,-0.043,36.94,1.01,35.34,2018/8/1,0.012504,蔬菜,胡萝卜,3.32,-0.035357,3.36
,,,,,,,2020/5/2,肉蛋奶,其中:精瘦肉,-0.06,35.46,0.981,33.33,2018/8/1,-0.020325,蔬菜,尖椒,4.19,-0.022245,4.1
,,,,,,,2020/5/2,肉蛋奶,     肋排骨,-0.035,44.34,0.619,42.77,2018/8/1,-0.013083,蔬菜,青圆椒,5.31,0.091575,5.24
,,,,,,,2020/5/2,肉蛋奶,牛肉,-0.018,50.72,0.155,49.82,2018/8/1,-0.052323,蔬菜,豆角,5.05,-0.047115,4.78
,,,,,,,2020/5/2,肉蛋奶,白条鸡,-0.007,21.39,0.124,21.24,2018/8/1,-0.015203,蔬菜,白花菜,6.08,0.141195,5.99
,,,,,,,2020/5/2,肉蛋奶,鸡蛋,-0.031,6.66,0.085,6.46,2018/8/1,0.026857,蔬菜,土豆,3.07,0.058699,3.15
,,,,,,,2020/8/3,肉蛋奶,猪肉,0.019,35.54,0.545,36.2,2018/8/1,0.005113,蔬菜,西芹,4.82,-0.028131,4.85
,,,,,,,2020/8/3,肉蛋奶,其中:精瘦肉,0.035,33.96,0.506,35.16,2018/8/1,0.084149,蔬菜,丝瓜,4.99,-0.075832,5.41
,,,,,,,2020/8/3,肉蛋奶,     肋排骨,0.038,42.35,0.334,43.94,2018/8/1,0.114369,蔬菜,莴笋,3.53,-0.051864,3.93
,,,,,,,2020/8/3,肉蛋奶,牛肉,-0.022,49.54,0.074,48.46,2018/8/1,-0.065576,蔬菜,西洋菜,6.06,-0.011291,5.66
,,,,,,,2020/8/3,肉蛋奶,白条鸡,0.005,18.54,-0.029,18.63,2018/8/1,0.025681,蔬菜,芥菜,4.51,-0.049901,4.63
,,,,,,,2020/8/3,肉蛋奶,鸡蛋,-0.008,5.12,-0.211,5.08,2018/8/1,0.031691,蔬菜,通心菜,3.73,-0.018207,3.85
,,,,,,,2020/10/2,肉蛋奶,猪肉,-0.021,36.2,0.251,35.43,2018/8/1,0.053014,蔬菜,芥兰,5.15,0.023708,5.43
,,,,,,,2020/10/2,肉蛋奶,其中:精瘦肉,-0.022,35.16,0.171,34.38,2018/8/1,0.021656,蔬菜,南瓜,2.22,0.015013,2.26
,,,,,,,2020/10/2,肉蛋奶,肋排骨,-0.015,43.94,0.109,43.3,2018/8/1,-0.09569,蔬菜,莲藕,5.46,-0.087234,4.93
,,,,,,,2020/10/2,肉蛋奶,牛肉,0.002,48.46,0.034,48.55,2018/8/1,0.017949,蔬菜,奶白菜,4.88,0.038032,4.97
,,,,,,,2020/10/2,肉蛋奶,白条鸡,0.029,18.63,-0.076,19.18,2018/8/1,0.010063,蔬菜,苦瓜,3.89,-0.162476,3.93
,,,,,,,2020/10/2,肉蛋奶,鸡蛋,0.018,5.08,-0.24,5.17,2018/9/1,0.028411,蔬菜,生姜,7.01,-0.056981,7.21
,,,,,,,2021/1/2,肉蛋奶,猪肉,0.049,32.96,-0.076,34.57,2018/9/1,0.087378,蔬菜,蒜头,5.46,-0.149792,5.94
,,,,,,,2021/1/2,肉蛋奶,精瘦肉,0.044,31.61,-0.124,32.98,2018/9/1,0.209286,蔬菜,大白菜,2.67,0.269503,3.23
,,,,,,,2021/1/2,肉蛋奶,肋排骨,0.06,39.93,-0.071,42.31,2018/9/1,0.11943,蔬菜,卷心菜,2.83,0.081585,3.17
,,,,,,,2021/1/2,肉蛋奶,牛肉,-0.023,53.24,0.029,52.03,2018/9/1,0.07286,蔬菜,菠菜,7.97,-0.024902,8.55
,,,,,,,2021/1/2,肉蛋奶,白条鸡,-0.023,19.36,-0.066,18.91,2018/9/1,0.317691,蔬菜,上海青,4.11,0.125957,5.42
,,,,,,,2021/1/2,肉蛋奶,鸡蛋,0.068,5.14,-0.203,5.49,2018/9/1,0.240877,蔬菜,芹菜,6.77,0.007009,8.4
,,,,,,,2021/2/4,肉蛋奶,猪肉,0.019,34.57,-0.138,35.23,2018/9/1,0.333264,蔬菜,韭菜,4.08,0.180558,5.43
,,,,,,,2021/2/4,肉蛋奶,其中:精瘦肉,0.032,32.98,-0.156,34.03,2018/9/1,0.313151,蔬菜,油麦菜,4.22,0.140409,5.54
,,,,,,,2021/2/4,肉蛋奶,肋排骨,0.043,42.31,-0.145,44.12,2018/9/1,0.219465,蔬菜,菜心,5.68,0.270956,6.93
,,,,,,,2021/2/4,肉蛋奶,牛肉,0.013,52.03,-0.069,52.74,2018/9/1,0.414813,蔬菜,生菜,3.97,0.167694,5.62
,,,,,,,2021/2/4,肉蛋奶,白条鸡,0.048,18.91,-0.095,19.81,2018/9/1,0.110616,蔬菜,蒜苗,6.35,0.089484,7.05
,,,,,,,2021/2/4,肉蛋奶,鸡蛋,0.105,5.49,-0.103,6.07,2018/9/1,0.050177,蔬菜,冬瓜,2.09,0.036999,2.19
,,,,,,,2021/3/2,肉蛋奶,猪肉,-0.1,35.23,-0.179,31.71,2018/9/1,0.186323,蔬菜,黄瓜,4.21,0.358584,5
,,,,,,,2021/3/2,肉蛋奶,其中:精瘦肉,-0.102,34.03,-0.182,30.54,2018/9/1,0.385254,蔬菜,西红柿,4.19,0.176471,5.8
,,,,,,,2021/3/2,肉蛋奶,肋排骨,-0.085,44.12,-0.16,40.39,2018/9/1,0.261948,蔬菜,茄子,3.41,0.078592,4.3
,,,,,,,2021/3/2,肉蛋奶,牛肉,0.004,52.74,0.019,52.92,2018/9/1,0.043211,蔬菜,白萝卜,2.41,-0.004232,2.52
,,,,,,,2021/3/2,肉蛋奶,白条鸡,-0.047,19.81,-0.153,18.87,2018/9/1,0.058101,蔬菜,胡萝卜,3.36,0.07157,3.55
,,,,,,,2021/3/2,肉蛋奶,鸡蛋,-0.066,6.07,-0.16,5.67,2018/9/1,0.283517,蔬菜,尖椒,4.1,0.224167,5.27
,,,,,,,2021/4/6,肉蛋奶,猪肉,-0.047,31.71,-0.182,30.23,2018/9/1,0.299921,蔬菜,青圆椒,5.24,0.336605,6.81
,,,,,,,2021/4/6,肉蛋奶,其中:精瘦肉,-0.07,30.54,-0.199,28.42,2018/9/1,0.234338,蔬菜,豆角,4.78,0.144266,5.91
,,,,,,,2021/4/6,肉蛋奶,肋排骨,-0.022,40.39,-0.109,39.5,2018/9/1,0.097545,蔬菜,白花菜,5.99,0.166075,6.57
,,,,,,,2021/4/6,肉蛋奶,牛肉,-0.038,52.92,0.004,50.92,2018/9/1,0.110837,蔬菜,土豆,3.15,0.174003,3.5
,,,,,,,2021/4/6,肉蛋奶,白条鸡,-0.007,18.87,-0.124,18.74,2018/9/1,0.141539,蔬菜,西芹,4.85,0.228312,5.53
,,,,,,,2021/4/6,肉蛋奶,鸡蛋,-0.004,5.67,-0.152,5.65,2018/9/1,0.258776,蔬菜,丝瓜,5.41,0.154602,6.82
,,,,,,,2021/5/23,肉蛋奶,猪肉,-0.059,30.23,-0.195,28.43,2018/9/1,0.13131,蔬菜,莴笋,3.93,0.027596,4.45
,,,,,,,2021/5/23,肉蛋奶,其中:精瘦肉,-0.056,28.42,-0.195,26.83,2018/9/1,0.119007,蔬菜,西洋菜,5.66,0.062322,6.34
,,,,,,,2021/5/23,肉蛋奶,肋排骨,-0.057,39.5,-0.129,37.25,2018/9/1,0.143089,蔬菜,芥菜,4.63,0.089735,5.29
,,,,,,,2021/5/23,肉蛋奶,牛肉,-0.007,50.92,0.015,50.55,2018/9/1,0.539349,蔬菜,通心菜,3.85,0.380709,5.93
,,,,,,,2021/5/23,肉蛋奶,白条鸡,-0.001,18.74,-0.118,18.73,2018/9/1,0.224185,蔬菜,芥兰,5.43,0.189003,6.64
,,,,,,,2021/5/23,肉蛋奶,鸡蛋,0.028,5.65,-0.1,5.81,2018/9/1,-0.001537,蔬菜,南瓜,2.26,0.012804,2.26
,,,,,,,2021/7/4,肉蛋,后腿肉,-0.11,22.87,-0.276,20.34,2018/9/1,0.070043,蔬菜,莲藕,4.93,-0.019548,5.28
,,,,,,,2021/7/4,肉蛋,五花肉,-0.105,25.38,-0.254,22.72,2018/9/1,0.168201,蔬菜,奶白菜,4.97,0.068862,5.81
,,,,,,,2021/7/4,肉蛋,肋排骨,-0.09,37.25,-0.182,33.9,2018/9/1,0.506037,蔬菜,苦瓜,3.93,0.104949,5.92
,,,,,,,2021/7/4,肉蛋,梅瘦肉,-0.06,29.84,-0.278,28.04,2018/10/1,0.016689,蔬菜,生姜,7.21,-0.08697,7.33
,,,,,,,2021/7/4,肉蛋,精瘦肉,-0.071,26.83,-0.202,24.91,2018/10/1,-0.037776,蔬菜,蒜头,5.94,-0.176117,5.71
,,,,,,,2021/7/4,肉蛋,牛肉,-0.012,50.55,0.009,49.95,2018/10/1,-0.102098,蔬菜,大白菜,3.23,0.158547,2.9
,,,,,,,2021/7/4,肉蛋,羊肉,-0.01,48.05,0.117,47.58,2018/10/1,-0.115364,蔬菜,卷心菜,3.17,-0.00666,2.8
,,,,,,,2021/7/4,肉蛋,白条鸡,-0.015,18.73,-0.087,18.46,2018/10/1,-0.143802,蔬菜,菠菜,8.55,0.033228,7.32
,,,,,,,2021/7/4,肉蛋,白条鸭,-0.001,14.17,-0.031,14.15,2018/10/1,-0.189123,蔬菜,上海青,5.42,0.05609,4.39
,,,,,,,2021/7/4,肉蛋,鸡蛋,0.017,5.81,0.002,5.91,2018/10/1,-0.051156,蔬菜,芹菜,8.4,0.089873,7.97
,,,,,,,2021/7/4,肉蛋,后腿肉,-0.072,20.34,-0.346,18.87,2018/10/1,0.01834,蔬菜,韭菜,5.43,0.246678,5.53
,,,,,,,2021/7/4,肉蛋,五花肉,-0.081,22.72,-0.358,20.89,2018/10/1,-0.090143,蔬菜,油麦菜,5.54,0.124737,5.04
,,,,,,,2021/7/4,肉蛋,肋排骨,-0.03,33.9,-0.224,32.87,2018/10/1,-0.186521,蔬菜,菜心,6.93,0.035533,5.63
,,,,,,,2021/7/4,肉蛋,梅瘦肉,-0.071,28.04,-0.349,26.05,2018/10/1,-0.043012,蔬菜,生菜,5.62,0.21823,5.38
,,,,,,,2021/7/4,肉蛋,精瘦肉,-0.061,24.91,-0.311,23.41,2018/10/1,0.028901,蔬菜,蒜苗,7.05,0.139047,7.25
,,,,,,,2021/7/4,肉蛋,牛肉,-0.006,49.95,0.002,49.66,2018/10/1,0.046083,蔬菜,冬瓜,2.19,0.052141,2.29
,,,,,,,2021/7/4,肉蛋,羊肉,-0.024,47.58,0.1,46.46,2018/10/1,-0.034337,蔬菜,黄瓜,5,0.303095,4.83
,,,,,,,2021/7/4,肉蛋,白条鸡,-0.026,18.46,-0.03,17.98,2018/10/1,0.193032,蔬菜,西红柿,5.8,0.500711,6.92
,,,,,,,2021/7/4,肉蛋,白条鸭,-0.009,14.15,0,14.02,2018/10/1,0.044549,蔬菜,茄子,4.3,0.227929,4.49
,,,,,,,2021/7/4,肉蛋,鸡蛋,0.005,5.91,0.159,5.93,2018/10/1,-0.085172,蔬菜,白萝卜,2.52,-0.054844,2.3
,,,,,,,,,,,,,,2018/10/1,0.011637,蔬菜,胡萝卜,3.55,0.190188,3.59
,,,,,,,,,,,,,,2018/10/1,0.137528,蔬菜,尖椒,5.27,0.468594,5.99
,,,,,,,,,,,,,,2018/10/1,0.233074,蔬菜,青圆椒,6.81,0.655266,8.39
,,,,,,,,,,,,,,2018/10/1,-0.040443,蔬菜,豆角,5.91,0.105082,5.67
,,,,,,,,,,,,,,2018/10/1,0.043316,蔬菜,白花菜,6.57,0.261546,6.85
,,,,,,,,,,,,,,2018/10/1,-0.04332,蔬菜,土豆,3.5,0.154565,3.35
,,,,,,,,,,,,,,2018/10/1,0.091702,蔬菜,西芹,5.53,0.34052,6.04
,,,,,,,,,,,,,,2018/10/1,-0.008644,蔬菜,丝瓜,6.82,0.198619,6.76
,,,,,,,,,,,,,,2018/10/1,-0.009422,蔬菜,莴笋,4.45,0.007183,4.41
,,,,,,,,,,,,,,2018/10/1,0.0838,蔬菜,西洋菜,6.34,0.089177,6.87
,,,,,,,,,,,,,,2018/10/1,-0.113058,蔬菜,芥菜,5.29,-0.022139,4.69
,,,,,,,,,,,,,,2018/10/1,-0.209258,蔬菜,通心菜,5.93,0.167537,4.69
,,,,,,,,,,,,,,2018/10/1,-0.054188,蔬菜,芥兰,6.64,0.070677,6.28
,,,,,,,,,,,,,,2018/10/1,0.000553,蔬菜,南瓜,2.26,-0.033115,2.26
,,,,,,,,,,,,,,2018/10/1,-0.082773,蔬菜,莲藕,5.28,-0.073784,4.84
,,,,,,,,,,,,,,2018/10/1,-0.068606,蔬菜,奶白菜,5.81,0.077876,5.41
,,,,,,,,,,,,,,2018/10/1,0.002617,蔬菜,苦瓜,5.92,0.303699,5.94
,,,,,,,,,,,,,,2019/3/1,-0.021182,蔬菜,大白菜,2.24,0.166519,2.2
,,,,,,,,,,,,,,2019/3/1,-0.021162,蔬菜,卷心菜,2.52,0.064186,2.46
,,,,,,,,,,,,,,2019/3/1,0.10902,蔬菜,菠菜,5.59,0.372362,6.2
,,,,,,,,,,,,,,2019/3/1,-0.018598,蔬菜,上海青,4.36,0.171819,4.28
,,,,,,,,,,,,,,2019/3/1,0.009684,蔬菜,芹菜,5.94,0.284949,6
,,,,,,,,,,,,,,2019/3/1,-0.105822,蔬菜,韭菜,5.33,0.205104,4.76
,,,,,,,,,,,,,,2019/3/1,0.021458,蔬菜,油麦菜,4.39,0.240354,4.48
,,,,,,,,,,,,,,2019/3/1,0.104253,蔬菜,菜心,5.78,0.043719,6.38
,,,,,,,,,,,,,,2019/3/1,-0.021489,蔬菜,生菜,4.55,0.248722,4.45
,,,,,,,,,,,,,,2019/3/1,0.07896,蔬菜,蒜苗,7.93,0.330986,8.56
,,,,,,,,,,,,,,2019/3/1,0.083673,蔬菜,冬瓜,2.53,-0.020567,2.74
,,,,,,,,,,,,,,2019/3/1,-0.090562,蔬菜,黄瓜,5.97,0.266528,5.43
,,,,,,,,,,,,,,2019/3/1,-0.038407,蔬菜,西红柿,5.21,0.268199,5.01
,,,,,,,,,,,,,,2019/3/1,0.088418,蔬菜,茄子,4.84,0.084058,5.26
,,,,,,,,,,,,,,2019/3/1,-0.010142,蔬菜,白萝卜,2.28,0.018723,2.26
,,,,,,,,,,,,,,2019/3/1,-0.088271,蔬菜,胡萝卜,3.61,-0.041513,3.29
,,,,,,,,,,,,,,2019/3/1,0.163211,蔬菜,尖椒,4.81,0.235279,5.6
,,,,,,,,,,,,,,2019/3/1,0.001195,蔬菜,青圆椒,6.41,0.274429,6.42
,,,,,,,,,,,,,,2019/3/1,-0.043895,蔬菜,豆角,8.86,0.105358,8.47
,,,,,,,,,,,,,,2019/3/1,0.008186,蔬菜,白花菜,4.94,-0.036924,4.98
,,,,,,,,,,,,,,2019/3/1,-0.005203,蔬菜,土豆,3.41,0.122024,3.39
,,,,,,,,,,,,,,2019/3/1,0.056046,蔬菜,西芹,4.8,0.346611,5.07
,,,,,,,,,,,,,,2019/3/1,0.064963,蔬菜,丝瓜,6.36,-0.152157,6.77
,,,,,,,,,,,,,,2019/3/1,0.168909,蔬菜,莴笋,3.75,0.257817,4.38
,,,,,,,,,,,,,,2019/3/1,0.079393,蔬菜,西洋菜,5.1,0.230186,5.51
,,,,,,,,,,,,,,2019/3/1,0.051124,蔬菜,芥菜,3.95,0.057258,4.15
,,,,,,,,,,,,,,2019/3/1,0.005451,蔬菜,通心菜,5.64,0.044247,5.67
,,,,,,,,,,,,,,2019/3/1,0.131716,蔬菜,芥兰,6.56,0.212025,7.43
,,,,,,,,,,,,,,2019/3/1,0.016318,蔬菜,南瓜,2.43,-0.272312,2.47
,,,,,,,,,,,,,,2019/3/1,-0.063249,蔬菜,莲藕,6.49,0.127157,6.08
,,,,,,,,,,,,,,2019/3/1,-0.001569,蔬菜,奶白菜,5.21,0.157509,5.2
,,,,,,,,,,,,,,2019/3/1,0.001272,蔬菜,苦瓜,6.68,0.059145,6.69
,,,,,,,,,,,,,,2019/4/1,-0.003954,蔬菜,生姜,7.21,0.017937,7.18
,,,,,,,,,,,,,,2019/4/1,-0.020257,蔬菜,蒜头,6.66,0.062571,6.53
,,,,,,,,,,,,,,2019/4/1,0.268109,蔬菜,大白菜,2.2,0.197977,2.78
,,,,,,,,,,,,,,2019/4/1,0.202192,蔬菜,卷心菜,2.46,0.317464,2.96
,,,,,,,,,,,,,,2019/4/1,-0.02791,蔬菜,菠菜,6.2,0.136672,6.03
,,,,,,,,,,,,,,2019/4/1,-0.013659,蔬菜,上海青,4.28,0.277056,4.22
,,,,,,,,,,,,,,2019/4/1,0.002335,蔬菜,芹菜,6,0.346706,6.01
,,,,,,,,,,,,,,2019/4/1,-0.042844,蔬菜,韭菜,4.76,0.192907,4.56
,,,,,,,,,,,,,,2019/4/1,-0.003235,蔬菜,油麦菜,4.48,0.386716,4.47
,,,,,,,,,,,,,,2019/4/1,-0.098457,蔬菜,菜心,6.38,0.156784,5.76
,,,,,,,,,,,,,,2019/4/1,0.013031,蔬菜,生菜,4.45,0.506264,4.51
,,,,,,,,,,,,,,2019/4/1,-0.053929,蔬菜,蒜苗,8.56,0.518807,8.1
,,,,,,,,,,,,,,2019/4/1,0.159286,蔬菜,冬瓜,2.74,0.177745,3.18
,,,,,,,,,,,,,,2019/4/1,-0.210972,蔬菜,黄瓜,5.43,0.106921,4.29
,,,,,,,,,,,,,,2019/4/1,-0.02185,蔬菜,西红柿,5.01,0.153683,4.9
,,,,,,,,,,,,,,2019/4/1,-0.095677,蔬菜,茄子,5.26,0.205879,4.76
,,,,,,,,,,,,,,2019/4/1,0.081822,蔬菜,白萝卜,2.26,0.136881,2.45
,,,,,,,,,,,,,,2019/4/1,-0.016545,蔬菜,胡萝卜,3.29,0.046181,3.24
,,,,,,,,,,,,,,2019/4/1,0.053426,蔬菜,尖椒,5.6,0.415316,5.9
,,,,,,,,,,,,,,2019/4/1,0.002881,蔬菜,青圆椒,6.42,0.142059,6.44
,,,,,,,,,,,,,,2019/4/1,-0.13401,蔬菜,豆角,8.47,0.322962,7.33
,,,,,,,,,,,,,,2019/4/1,0.09784,蔬菜,白花菜,4.98,0.010074,5.46
,,,,,,,,,,,,,,2019/4/1,-0.037572,蔬菜,土豆,3.39,0.135802,3.27
,,,,,,,,,,,,,,2019/4/1,0.191393,蔬菜,西芹,5.07,0.498076,6.04
,,,,,,,,,,,,,,2019/4/1,-0.051695,蔬菜,丝瓜,6.77,-0.093406,6.42
,,,,,,,,,,,,,,2019/4/1,-0.049658,蔬菜,莴笋,4.38,0.136674,4.16
,,,,,,,,,,,,,,2019/4/1,0.001997,蔬菜,西洋菜,5.51,0.224651,5.52
,,,,,,,,,,,,,,2019/4/1,0.00265,蔬菜,芥菜,4.15,0.060374,4.16
,,,,,,,,,,,,,,2019/4/1,-0.134785,蔬菜,通心菜,5.67,0.062229,4.91
,,,,,,,,,,,,,,2019/4/1,-0.079259,蔬菜,芥兰,7.43,0.255095,6.84
,,,,,,,,,,,,,,2019/4/1,0.08561,蔬菜,南瓜,2.47,-0.092846,2.68
,,,,,,,,,,,,,,2019/4/1,-0.02839,蔬菜,莲藕,6.08,0.330666,5.9
,,,,,,,,,,,,,,2019/4/1,0.028277,蔬菜,奶白菜,5.2,0.275776,5.35
,,,,,,,,,,,,,,2019/4/1,0.026987,蔬菜,苦瓜,6.69,0.176702,6.87
,,,,,,,,,,,,,,2019/6/1,0.029248,蔬菜,生姜,7.16,0.059438,7.37
,,,,,,,,,,,,,,2019/6/1,0.064635,蔬菜,蒜头,6.91,0.285027,7.35
,,,,,,,,,,,,,,2019/6/1,-0.066619,蔬菜,大白菜,2.64,-0.073026,2.46
,,,,,,,,,,,,,,2019/6/1,-0.056072,蔬菜,卷心菜,2.98,-0.002849,2.81
,,,,,,,,,,,,,,2019/6/1,0.170536,蔬菜,菠菜,5.7,0.046117,6.68
,,,,,,,,,,,,,,2019/6/1,-0.037751,蔬菜,上海青,3.92,0.022662,3.77
,,,,,,,,,,,,,,2019/6/1,-0.072907,蔬菜,芹菜,6.09,-0.068793,5.65
,,,,,,,,,,,,,,2019/6/1,0.040422,蔬菜,韭菜,4.6,0.225844,4.78
,,,,,,,,,,,,,,2019/6/1,-0.040553,蔬菜,油麦菜,4,-0.00072,3.83
,,,,,,,,,,,,,,2019/6/1,-0.030046,蔬菜,菜心,5.39,0.021992,5.23
,,,,,,,,,,,,,,2019/6/1,-0.033091,蔬菜,生菜,4.04,-0.03124,3.91
,,,,,,,,,,,,,,2019/6/1,0.04332,蔬菜,蒜苗,6.8,0.296182,7.1
,,,,,,,,,,,,,,2019/6/1,-0.173302,蔬菜,冬瓜,3.05,0.164598,2.52
,,,,,,,,,,,,,,2019/6/1,-0.103586,蔬菜,黄瓜,4.08,0.068781,3.66
,,,,,,,,,,,,,,2019/6/1,0.056272,蔬菜,西红柿,5.18,0.287031,5.47
,,,,,,,,,,,,,,2019/6/1,-0.065768,蔬菜,茄子,4.76,0.229744,4.45
,,,,,,,,,,,,,,2019/6/1,-0.035123,蔬菜,白萝卜,2.49,0.140872,2.4
,,,,,,,,,,,,,,2019/6/1,0.01828,蔬菜,胡萝卜,3.31,-0.021968,3.37
,,,,,,,,,,,,,,2019/6/1,-0.068411,蔬菜,尖椒,6.37,0.366687,5.93
,,,,,,,,,,,,,,2019/6/1,-0.06378,蔬菜,青圆椒,6.13,-0.016348,5.74
,,,,,,,,,,,,,,2019/6/1,-0.206015,蔬菜,豆角,7.24,0.121657,5.75
,,,,,,,,,,,,,,2019/6/1,-0.055717,蔬菜,白花菜,5.4,-0.169002,5.1
,,,,,,,,,,,,,,2019/6/1,-0.022519,蔬菜,土豆,3.27,0.035428,3.2
,,,,,,,,,,,,,,2019/6/1,-0.108683,蔬菜,西芹,5.8,-0.065385,5.17
,,,,,,,,,,,,,,2019/6/1,-0.058379,蔬菜,丝瓜,6.33,0.240453,5.96
,,,,,,,,,,,,,,2019/6/1,-0.047959,蔬菜,莴笋,3.93,-0.093868,3.74
,,,,,,,,,,,,,,2019/6/1,-0.007139,蔬菜,西洋菜,5.94,0.000728,5.9
,,,,,,,,,,,,,,2019/6/1,0.040475,蔬菜,芥菜,4.13,0.062384,4.3
,,,,,,,,,,,,,,2019/6/1,-0.083656,蔬菜,通心菜,4.62,0.110284,4.24
,,,,,,,,,,,,,,2019/6/1,-0.190103,蔬菜,芥兰,6.52,-0.028869,5.28
,,,,,,,,,,,,,,2019/6/1,-0.036416,蔬菜,南瓜,2.97,0.106107,2.86
,,,,,,,,,,,,,,2019/6/1,0.302232,蔬菜,莲藕,6.41,0.605041,8.35
,,,,,,,,,,,,,,2019/6/1,-0.095876,蔬菜,奶白菜,5.12,-0.000199,4.63
,,,,,,,,,,,,,,2019/6/1,-0.157412,蔬菜,苦瓜,6.34,0.264354,5.34
,,,,,,,,,,,,,,2019/7/1,0.028053,蔬菜,生姜,7.37,0.075711,7.58
,,,,,,,,,,,,,,2019/7/1,0.0362,蔬菜,蒜头,7.35,0.400944,7.62
,,,,,,,,,,,,,,2019/7/1,0.055526,蔬菜,大白菜,2.46,-0.025957,2.6
,,,,,,,,,,,,,,2019/7/1,0.058221,蔬菜,卷心菜,2.81,0.058211,2.97
,,,,,,,,,,,,,,2019/7/1,0.140672,蔬菜,菠菜,6.68,0.002315,7.62
,,,,,,,,,,,,,,2019/7/1,0.0382,蔬菜,上海青,3.77,-0.001873,3.92
,,,,,,,,,,,,,,2019/7/1,0.104888,蔬菜,芹菜,5.65,0.039855,6.24
,,,,,,,,,,,,,,2019/7/1,0.037631,蔬菜,韭菜,4.78,0.222468,4.96
,,,,,,,,,,,,,,2019/7/1,0.06702,蔬菜,油麦菜,3.83,0.061686,4.09
,,,,,,,,,,,,,,2019/7/1,0.059037,蔬菜,菜心,5.23,0.015103,5.54
,,,,,,,,,,,,,,2019/7/1,0.072234,蔬菜,生菜,3.91,0.106323,4.19
,,,,,,,,,,,,,,2019/7/1,0.032946,蔬菜,蒜苗,7.1,0.190314,7.33
,,,,,,,,,,,,,,2019/7/1,-0.016104,蔬菜,冬瓜,2.52,0.180996,2.48
,,,,,,,,,,,,,,2019/7/1,0.048152,蔬菜,黄瓜,3.66,0.073954,3.83
,,,,,,,,,,,,,,2019/7/1,-0.131552,蔬菜,西红柿,5.47,0.10614,4.75
,,,,,,,,,,,,,,2019/7/1,0.006262,蔬菜,茄子,4.45,0.265258,4.48
,,,,,,,,,,,,,,2019/7/1,0.008898,蔬菜,白萝卜,2.4,0.165694,2.42
,,,,,,,,,,,,,,2019/7/1,-0.030498,蔬菜,胡萝卜,3.37,-0.01333,3.27
,,,,,,,,,,,,,,2019/7/1,-0.074747,蔬菜,尖椒,5.93,0.310108,5.49
,,,,,,,,,,,,,,2019/7/1,0.005556,蔬菜,青圆椒,5.74,0.088206,5.77
,,,,,,,,,,,,,,2019/7/1,-0.114453,蔬菜,豆角,5.75,0.008134,5.09
,,,,,,,,,,,,,,2019/7/1,0.089759,蔬菜,白花菜,5.1,-0.086517,5.55
,,,,,,,,,,,,,,2019/7/1,-0.012881,蔬菜,土豆,3.2,0.028414,3.16
,,,,,,,,,,,,,,2019/7/1,-0.049075,蔬菜,西芹,5.17,0.019453,4.91
,,,,,,,,,,,,,,2019/7/1,-0.039127,蔬菜,丝瓜,5.96,0.146217,5.72
,,,,,,,,,,,,,,2019/7/1,0.174268,蔬菜,莴笋,3.74,0.245703,4.4
,,,,,,,,,,,,,,2019/7/1,0.043412,蔬菜,西洋菜,5.9,0.015138,6.15
,,,,,,,,,,,,,,2019/7/1,0.050556,蔬菜,芥菜,4.3,0.00064,4.52
,,,,,,,,,,,,,,2019/7/1,-0.036608,蔬菜,通心菜,4.24,0.093421,4.08
,,,,,,,,,,,,,,2019/7/1,0.205825,蔬菜,芥兰,5.28,0.235787,6.37
,,,,,,,,,,,,,,2019/7/1,-0.056226,蔬菜,南瓜,2.86,0.219668,2.7
,,,,,,,,,,,,,,2019/7/1,0.032166,蔬菜,莲藕,8.35,0.580151,8.62
,,,,,,,,,,,,,,2019/7/1,-0.013389,蔬菜,奶白菜,4.63,-0.064476,4.57
,,,,,,,,,,,,,,2019/7/1,-0.12745,蔬菜,苦瓜,5.34,0.197579,4.66
,,,,,,,,,,,,,,2019/5/1,-0.00214,蔬菜,生姜,7.18,0.019299,7.16
,,,,,,,,,,,,,,2019/5/1,0.057926,蔬菜,蒜头,6.53,0.12403,6.91
,,,,,,,,,,,,,,2019/5/1,-0.052534,蔬菜,大白菜,2.78,-0.013735,2.64
,,,,,,,,,,,,,,2019/5/1,0.005189,蔬菜,卷心菜,2.96,0.149175,2.98
,,,,,,,,,,,,,,2019/5/1,-0.053341,蔬菜,菠菜,6.03,-0.007121,5.7
,,,,,,,,,,,,,,2019/5/1,-0.072187,蔬菜,上海青,4.22,0.121954,3.92
,,,,,,,,,,,,,,2019/5/1,0.013631,蔬菜,芹菜,6.01,0.252372,6.09
,,,,,,,,,,,,,,2019/5/1,0.008627,蔬菜,韭菜,4.56,0.186276,4.6
,,,,,,,,,,,,,,2019/5/1,-0.105457,蔬菜,油麦菜,4.47,0.192546,4
,,,,,,,,,,,,,,2019/5/1,-0.062791,蔬菜,菜心,5.76,0.078943,5.39
,,,,,,,,,,,,,,2019/5/1,-0.103409,蔬菜,生菜,4.51,0.21203,4.04
,,,,,,,,,,,,,,2019/5/1,-0.159686,蔬菜,蒜苗,8.1,0.369538,6.8
,,,,,,,,,,,,,,2019/5/1,-0.040174,蔬菜,冬瓜,3.18,0.224765,3.05
,,,,,,,,,,,,,,2019/5/1,-0.048063,蔬菜,黄瓜,4.29,0.190372,4.08
,,,,,,,,,,,,,,2019/5/1,0.056526,蔬菜,西红柿,4.9,0.201785,5.18
,,,,,,,,,,,,,,2019/5/1,0.000306,蔬菜,茄子,4.76,0.310157,4.76
,,,,,,,,,,,,,,2019/5/1,0.017803,蔬菜,白萝卜,2.45,0.167157,2.49
,,,,,,,,,,,,,,2019/5/1,0.022885,蔬菜,胡萝卜,3.24,-0.024827,3.31
,,,,,,,,,,,,,,2019/5/1,0.0801,蔬菜,尖椒,5.9,0.625042,6.37
,,,,,,,,,,,,,,2019/5/1,-0.047639,蔬菜,青圆椒,6.44,0.133381,6.13
,,,,,,,,,,,,,,2019/5/1,-0.01307,蔬菜,豆角,7.33,0.416979,7.24
,,,,,,,,,,,,,,2019/5/1,-0.012552,蔬菜,白花菜,5.46,-0.019015,5.4
,,,,,,,,,,,,,,2019/5/1,0.002199,蔬菜,土豆,3.27,0.10301,3.27
,,,,,,,,,,,,,,2019/5/1,-0.039165,蔬菜,西芹,6.04,0.195349,5.8
,,,,,,,,,,,,,,2019/5/1,-0.01452,蔬菜,丝瓜,6.42,0.012526,6.33
,,,,,,,,,,,,,,2019/5/1,-0.05531,蔬菜,莴笋,4.16,0.061056,3.93
,,,,,,,,,,,,,,2019/5/1,0.075855,蔬菜,西洋菜,5.52,0.160028,5.94
,,,,,,,,,,,,,,2019/5/1,-0.007153,蔬菜,芥菜,4.16,0.011312,4.13
,,,,,,,,,,,,,,2019/5/1,-0.057843,蔬菜,通心菜,4.91,0.261737,4.62
,,,,,,,,,,,,,,2019/5/1,-0.046296,蔬菜,芥兰,6.84,0.197539,6.52
,,,,,,,,,,,,,,2019/5/1,0.107891,蔬菜,南瓜,2.68,0.034417,2.97
,,,,,,,,,,,,,,2019/5/1,0.08649,蔬菜,莲藕,5.9,0.464404,6.41
,,,,,,,,,,,,,,2019/5/1,-0.041675,蔬菜,奶白菜,5.35,0.204356,5.12
,,,,,,,,,,,,,,2019/5/1,-0.076814,蔬菜,苦瓜,6.87,0.322771,6.34
,,,,,,,,,,,,,,2019/8/1,-0.01839,蔬菜,蔬菜均价,4.56,0.02654,4.48
,,,,,,,,,,,,,,2019/8/1,-0.092814,蔬菜,其中：青椒,5.77,0.000293,5.24
,,,,,,,,,,,,,,2019/8/1,0.112132,蔬菜,      黄瓜,3.83,0.012146,4.26
,,,,,,,,,,,,,,2019/8/1,-0.041378,蔬菜,      西红柿,4.75,0.087732,4.55
,,,,,,,,,,,,,,2019/8/1,-0.068627,蔬菜,      茄子,4.48,0.223095,4.17
,,,,,,,,,,,,,,2019/8/1,-0.030319,蔬菜,      萝卜,2.42,-0.025424,2.35
,,,,,,,,,,,,,,2019/8/1,0.025881,蔬菜,      土豆,3.16,0.027437,3.24
,,,,,,,,,,,,,,2019/8/1,-0.002837,蔬菜,      芹菜,6.24,-0.080676,6.22
,,,,,,,,,,,,,,2019/8/1,-0.056117,蔬菜,      菜心,5.54,-0.079168,5.23
,,,,,,,,,,,,,,2019/8/1,-0.004856,蔬菜,      生菜,4.19,0.049928,4.17
,,,,,,,,,,,,,,2019/8/1,-0.054862,蔬菜,      大白菜,2.6,-0.081453,2.46
,,,,,,,,,,,,,,2019/8/1,-0.008927,蔬菜,      菠菜,7.62,-0.052471,7.55
,,,,,,,,,,,,,,2019/8/1,-0.021045,蔬菜,      椰菜,2.97,0.028595,2.91
,,,,,,,,,,,,,,2019/9/1,-0.007269,蔬菜,蔬菜均价,4.48,-0.157531,4.44
,,,,,,,,,,,,,,2019/9/1,0.02649,蔬菜,其中：青椒,5.24,-0.210113,5.38
,,,,,,,,,,,,,,2019/9/1,-0.047374,蔬菜,      黄瓜,4.26,-0.18724,4.06
,,,,,,,,,,,,,,2019/9/1,0.005646,蔬菜,      西红柿,4.55,-0.210345,4.58
,,,,,,,,,,,,,,2019/9/1,-0.036621,蔬菜,      茄子,4.17,-0.066282,4.02
,,,,,,,,,,,,,,2019/9/1,-0.020116,蔬菜,      萝卜,2.35,-0.084585,2.3
,,,,,,,,,,,,,,2019/9/1,-0.017536,蔬菜,      土豆,3.24,-0.091298,3.18
,,,,,,,,,,,,,,2019/9/1,0.008757,蔬菜,      芹菜,6.22,-0.252646,6.28
,,,,,,,,,,,,,,2019/9/1,0.002525,蔬菜,      菜心,5.23,-0.242982,5.24
,,,,,,,,,,,,,,2019/9/1,-0.036736,蔬菜,      生菜,4.17,-0.285166,4.02
,,,,,,,,,,,,,,2019/9/1,-0.060262,蔬菜,      大白菜,2.46,-0.286196,2.31
,,,,,,,,,,,,,,2019/9/1,0.011754,蔬菜,      菠菜,7.55,-0.106439,7.64
,,,,,,,,,,,,,,2019/9/1,-0.049671,蔬菜,      椰菜,2.91,-0.126785,2.77
,,,,,,,,,,,,,,2019/10/7,-0.02,蔬菜,蔬菜均价,4.44,-0.16,4.35
,,,,,,,,,,,,,,2019/10/7,0.08,蔬菜,其中：青椒,5.38,-0.31,5.8
,,,,,,,,,,,,,,2019/10/7,-0.02,蔬菜,      黄瓜,4.06,-0.17,3.99
,,,,,,,,,,,,,,2019/10/7,0.06,蔬菜,      西红柿,4.58,-0.3,4.86
,,,,,,,,,,,,,,2019/10/7,-0.06,蔬菜,      茄子,4.02,-0.16,3.78
,,,,,,,,,,,,,,2019/10/7,-0.09,蔬菜,      萝卜,2.3,-0.08,2.11
,,,,,,,,,,,,,,2019/10/7,-0.02,蔬菜,      土豆,3.18,-0.07,3.1
,,,,,,,,,,,,,,2019/10/7,0.04,蔬菜,      芹菜,6.28,-0.18,6.51
,,,,,,,,,,,,,,2019/10/7,-0.07,蔬菜,      菜心,5.24,-0.14,4.86
,,,,,,,,,,,,,,2019/10/7,-0.06,蔬菜,      生菜,4.02,-0.3,3.76
,,,,,,,,,,,,,,2019/10/7,0.02,蔬菜,      大白菜,2.31,-0.19,2.35
,,,,,,,,,,,,,,2019/10/7,-0.11,蔬菜,      菠菜,7.64,-0.07,6.78
,,,,,,,,,,,,,,2019/10/7,-0.05,蔬菜,      椰菜,2.77,-0.07,2.61
,,,,,,,,,,,,,,2019/11/9,0.008,蔬菜,蔬菜均价,4.35,0.019,4.39
,,,,,,,,,,,,,,2019/11/9,0.13,蔬菜,青椒,5.8,-0.071,6.56
,,,,,,,,,,,,,,2019/11/9,0.214,蔬菜,      黄瓜,3.99,0.288,4.84
,,,,,,,,,,,,,,2019/11/9,0.043,蔬菜,      西红柿,4.87,-0.105,5.08
,,,,,,,,,,,,,,2019/11/9,0.081,蔬菜,      茄子,3.78,-0.038,4.09
,,,,,,,,,,,,,,2019/11/9,0.01,蔬菜,      萝卜,2.11,0.188,2.13
,,,,,,,,,,,,,,2019/11/9,0.022,蔬菜,      土豆,3.1,0.004,3.17
,,,,,,,,,,,,,,2019/11/9,-0.019,蔬菜,      芹菜,6.51,0.045,6.39
,,,,,,,,,,,,,,2019/11/9,-0.033,蔬菜,      菜心,4.86,0.071,4.7
,,,,,,,,,,,,,,2019/11/9,-0.042,蔬菜,      生菜,3.76,0.007,3.6
,,,,,,,,,,,,,,2019/11/9,-0.078,蔬菜,      大白菜,2.35,0.056,2.16
,,,,,,,,,,,,,,2019/11/9,-0.115,蔬菜,      菠菜,6.78,0.178,6
,,,,,,,,,,,,,,2019/11/9,0.014,蔬菜,      椰菜,2.61,0.08,2.65
,,,,,,,,,,,,,,2020/2/27,-0.032,蔬菜,蔬菜均价,5.24,0.049,5.07
,,,,,,,,,,,,,,2020/2/27,0.036,蔬菜,其中：青椒,6.8,0.098,7.04
,,,,,,,,,,,,,,2020/2/27,-0.126,蔬菜,      黄瓜,5.42,-0.206,4.74
,,,,,,,,,,,,,,2020/2/27,-0.035,蔬菜,      西红柿,6.58,0.219,6.36
,,,,,,,,,,,,,,2020/2/27,0.077,蔬菜,      茄子,4.79,0.066,5.16
,,,,,,,,,,,,,,2020/2/27,-0.015,蔬菜,      萝卜,2.58,0.112,2.54
,,,,,,,,,,,,,,2020/2/27,0.068,蔬菜,      土豆,3.52,0.102,3.76
,,,,,,,,,,,,,,2020/2/27,-0.093,蔬菜,      芹菜,6.87,0.048,6.23
,,,,,,,,,,,,,,2020/2/27,-0.141,蔬菜,      菜心,6.61,-0.019,5.67
,,,,,,,,,,,,,,2020/2/27,-0.062,蔬菜,      生菜,4.55,-0.062,4.27
,,,,,,,,,,,,,,2020/2/27,0.014,蔬菜,      大白菜,2.69,0.216,2.73
,,,,,,,,,,,,,,2020/2/27,-0.019,蔬菜,      菠菜,6.26,0.098,6.14
,,,,,,,,,,,,,,2020/2/27,-0.087,蔬菜,      椰菜,3.38,0.227,3.09
,,,,,,,,,,,,,,2020/4/8,0.102,蔬菜,蔬菜均价,4.33,-0.005,4.77
,,,,,,,,,,,,,,2020/4/8,0.059,蔬菜,其中：青椒,6.46,0.063,6.85
,,,,,,,,,,,,,,2020/4/8,0.009,蔬菜,      黄瓜,4.06,-0.045,4.09
,,,,,,,,,,,,,,2020/4/8,0.048,蔬菜,      西红柿,5.4,0.154,5.66
,,,,,,,,,,,,,,2020/4/8,-0.001,蔬菜,      茄子,4.45,-0.066,4.44
,,,,,,,,,,,,,,2020/4/8,0.018,蔬菜,      萝卜,2,-0.168,2.04
,,,,,,,,,,,,,,2020/4/8,0.101,蔬菜,      土豆,3.58,0.205,3.94
,,,,,,,,,,,,,,2020/4/8,0.157,蔬菜,      芹菜,5.05,-0.028,5.84
,,,,,,,,,,,,,,2020/4/8,0.243,蔬菜,      菜心,4.78,0.031,5.94
,,,,,,,,,,,,,,2020/4/8,0.307,蔬菜,      生菜,3.41,-0.01,4.46
,,,,,,,,,,,,,,2020/4/8,0.185,蔬菜,      大白菜,2.38,0.014,2.82
,,,,,,,,,,,,,,2020/4/8,0.252,蔬菜,      菠菜,5.05,0.049,6.32
,,,,,,,,,,,,,,2020/4/8,0.005,蔬菜,      椰菜,2.34,-0.206,2.35
,,,,,,,,,,,,,,2020/5/2,-0.078,蔬菜,蔬菜均价,4.77,-0.053,4.4
,,,,,,,,,,,,,,2020/5/2,-0.062,蔬菜,其中：青椒,6.85,0.047,6.42
,,,,,,,,,,,,,,2020/5/2,-0.13,蔬菜,      黄瓜,4.09,-0.127,3.56
,,,,,,,,,,,,,,2020/5/2,-0.21,蔬菜,      西红柿,5.66,-0.137,4.47
,,,,,,,,,,,,,,2020/5/2,-0.118,蔬菜,      茄子,4.44,-0.177,3.92
,,,,,,,,,,,,,,2020/5/2,-0.073,蔬菜,      萝卜,2.04,-0.242,1.89
,,,,,,,,,,,,,,2020/5/2,-0.055,蔬菜,      土豆,3.94,0.136,3.72
,,,,,,,,,,,,,,2020/5/2,0.034,蔬菜,      芹菜,5.84,-0.008,6.04
,,,,,,,,,,,,,,2020/5/2,-0.116,蔬菜,      菜心,5.94,-0.028,5.25
,,,,,,,,,,,,,,2020/5/2,-0.032,蔬菜,      生菜,4.46,0.068,4.32
,,,,,,,,,,,,,,2020/5/2,-0.065,蔬菜,      大白菜,2.82,0.001,2.64
,,,,,,,,,,,,,,2020/5/2,-0.06,蔬菜,      菠菜,6.32,0.042,5.94
,,,,,,,,,,,,,,2020/5/2,-0.068,蔬菜,      椰菜,2.35,-0.264,2.19
,,,,,,,,,,,,,,2020/8/3,0.006,蔬菜,蔬菜均价,4.66,0.047,4.69
,,,,,,,,,,,,,,2020/8/3,-0.074,蔬菜,其中：青椒,6.02,0.065,5.58
,,,,,,,,,,,,,,2020/8/3,0.098,蔬菜,      黄瓜,3.94,0.015,4.33
,,,,,,,,,,,,,,2020/8/3,-0.004,蔬菜,      西红柿,4.84,0.058,4.82
,,,,,,,,,,,,,,2020/8/3,0.027,蔬菜,      茄子,3.7,-0.087,3.81
,,,,,,,,,,,,,,2020/8/3,0.076,蔬菜,      萝卜,2.69,0.229,2.89
,,,,,,,,,,,,,,2020/8/3,0.036,蔬菜,      土豆,3.19,0.02,3.3
,,,,,,,,,,,,,,2020/8/3,-0.153,蔬菜,      芹菜,7.44,0.013,6.3
,,,,,,,,,,,,,,2020/8/3,0.009,蔬菜,      菜心,5.52,0.066,5.58
,,,,,,,,,,,,,,2020/8/3,-0.063,蔬菜,      生菜,5.47,0.23,5.13
,,,,,,,,,,,,,,2020/8/3,-0.049,蔬菜,      大白菜,3,0.162,2.85
,,,,,,,,,,,,,,2020/8/3,-0.008,蔬菜,      菠菜,8.02,0.054,7.96
,,,,,,,,,,,,,,2020/8/3,0.138,蔬菜,      椰菜,2.55,-0.003,2.9
,,,,,,,,,,,,,,2020/10/2,0.018,蔬菜,蔬菜均价,4.69,0.073,4.77
,,,,,,,,,,,,,,2020/10/2,0.011,蔬菜,其中青椒,5.58,0.049,5.64
,,,,,,,,,,,,,,2020/10/2,-0.044,蔬菜,黄瓜,4.33,0.018,4.14
,,,,,,,,,,,,,,2020/10/2,-0.007,蔬菜,西红柿,4.82,0.045,4.79
,,,,,,,,,,,,,,2020/10/2,0.092,蔬菜,茄子,3.81,0.035,4.16
,,,,,,,,,,,,,,2020/10/2,-0.092,蔬菜,萝卜,2.89,0.14,2.62
,,,,,,,,,,,,,,2020/10/2,-0.037,蔬菜,土豆,3.3,-0.001,3.18
,,,,,,,,,,,,,,2020/10/2,0.065,蔬菜,芹菜,6.3,0.069,6.71
,,,,,,,,,,,,,,2020/10/2,0.041,蔬菜,菜心,5.58,0.107,5.81
,,,,,,,,,,,,,,2020/10/2,-0.117,蔬菜,生菜,5.13,0.128,4.53
,,,,,,,,,,,,,,2020/10/2,0.025,蔬菜,大白菜,2.85,0.267,2.93
,,,,,,,,,,,,,,2020/10/2,0.123,蔬菜,菠菜,7.96,0.171,8.94
,,,,,,,,,,,,,,2020/10/2,0.056,蔬菜,椰菜,2.9,0.108,3.07
,,,,,,,,,,,,,,2021/1/2,0.171,蔬菜,蔬菜均价,4.68,0.047,5.48
,,,,,,,,,,,,,,2021/1/2,0.14,蔬菜,青椒,6.13,0.028,6.99
,,,,,,,,,,,,,,2021/1/2,0.05,蔬菜,黄瓜,4.3,-0.167,4.52
,,,,,,,,,,,,,,2021/1/2,0.003,蔬菜,西红柿,4.81,-0.267,4.83
,,,,,,,,,,,,,,2021/1/2,0.406,蔬菜,茄子,4.92,0.444,6.91
,,,,,,,,,,,,,,2021/1/2,0.201,蔬菜,萝卜,2.15,0.001,2.58
,,,,,,,,,,,,,,2021/1/2,0.072,蔬菜,土豆,3.17,-0.036,3.4
,,,,,,,,,,,,,,2021/1/2,0.182,蔬菜,芹菜,6.28,0.081,7.42
,,,,,,,,,,,,,,2021/1/2,0.065,蔬菜,菜心,5.56,-0.103,5.93
,,,,,,,,,,,,,,2021/1/2,0.158,蔬菜,生菜,4.46,0.134,5.16
,,,,,,,,,,,,,,2021/1/2,0.151,蔬菜,大白菜,2.09,-0.104,2.41
,,,,,,,,,,,,,,2021/1/2,0.181,蔬菜,菠菜,6.08,0.147,7.18
,,,,,,,,,,,,,,2021/1/2,0.246,蔬菜,椰菜,2.79,0.027,3.47
,,,,,,,,,,,,,,2021/2/4,-0.026,蔬菜,蔬菜均价,5.48,0.054,5.34
,,,,,,,,,,,,,,2021/2/4,-0.066,蔬菜,其中：青椒,6.99,-0.073,6.53
,,,,,,,,,,,,,,2021/2/4,0.015,蔬菜,黄瓜,4.52,-0.032,4.59
,,,,,,,,,,,,,,2021/2/4,-0.081,蔬菜,西红柿,4.83,-0.302,4.44
,,,,,,,,,,,,,,2021/2/4,-0.084,蔬菜,茄子,6.91,0.228,6.33
,,,,,,,,,,,,,,2021/2/4,-0.02,蔬菜,萝卜,2.58,-0.004,2.53
,,,,,,,,,,,,,,2021/2/4,0.013,蔬菜,土豆,3.39,-0.085,3.44
,,,,,,,,,,,,,,2021/2/4,-0.094,蔬菜,芹菜,7.42,0.081,6.73
,,,,,,,,,,,,,,2021/2/4,-0.134,蔬菜,菜心,5.93,-0.095,5.14
,,,,,,,,,,,,,,2021/2/4,-0.221,蔬菜,生菜,5.16,-0.057,4.02
,,,,,,,,,,,,,,2021/2/4,-0.034,蔬菜,大白菜,2.41,-0.147,2.33
,,,,,,,,,,,,,,2021/2/4,-0.146,蔬菜,菠菜,7.18,-0.001,6.13
,,,,,,,,,,,,,,2021/2/4,-0.013,蔬菜,椰菜,3.47,0.111,3.43
,,,,,,,,,,,,,,2021/3/2,-0.202,蔬菜,蔬菜均价,5.34,-0.075,4.26
,,,,,,,,,,,,,,2021/3/2,-0.096,蔬菜,其中：青椒,6.53,-0.143,5.9
,,,,,,,,,,,,,,2021/3/2,-0.17,蔬菜,黄瓜,4.59,-0.121,3.81
,,,,,,,,,,,,,,2021/3/2,-0.147,蔬菜,西红柿,4.44,-0.341,3.79
,,,,,,,,,,,,,,2021/3/2,-0.192,蔬菜,茄子,6.33,0.079,5.12
,,,,,,,,,,,,,,2021/3/2,-0.151,蔬菜,萝卜,2.53,0.008,2.15
,,,,,,,,,,,,,,2021/3/2,-0.153,蔬菜,土豆,3.44,-0.234,2.91
,,,,,,,,,,,,,,2021/3/2,-0.28,蔬菜,芹菜,6.73,-0.099,4.85
,,,,,,,,,,,,,,2021/3/2,0.012,蔬菜,菜心,5.14,0.021,5.2
,,,,,,,,,,,,,,2021/3/2,-0.259,蔬菜,生菜,4.02,-0.181,2.98
,,,,,,,,,,,,,,2021/3/2,-0.083,蔬菜,大白菜,2.33,-0.156,2.13
,,,,,,,,,,,,,,2021/3/2,-0.164,蔬菜,菠菜,6.13,-0.046,5.13
,,,,,,,,,,,,,,2021/3/2,-0.26,蔬菜,椰菜,3.43,0.018,2.54
,,,,,,,,,,,,,,2021/4/6,-0.099,蔬菜,蔬菜均价,4.26,-0.194,3.84
,,,,,,,,,,,,,,2021/4/6,-0.11,蔬菜,其中：青椒,5.9,-0.233,5.25
,,,,,,,,,,,,,,2021/4/6,-0.08,蔬菜,黄瓜,3.81,-0.144,3.5
,,,,,,,,,,,,,,2021/4/6,-0.068,蔬菜,西红柿,3.79,-0.377,3.53
,,,,,,,,,,,,,,2021/4/6,-0.281,蔬菜,茄子,5.12,-0.173,3.68
,,,,,,,,,,,,,,2021/4/6,-0.112,蔬菜,萝卜,2.15,-0.062,1.91
,,,,,,,,,,,,,,2021/4/6,-0.11,蔬菜,土豆,2.91,-0.342,2.59
,,,,,,,,,,,,,,2021/4/6,-0.116,蔬菜,芹菜,4.85,-0.267,4.28
,,,,,,,,,,,,,,2021/4/6,-0.084,蔬菜,菜心,5.2,-0.198,4.76
,,,,,,,,,,,,,,2021/4/6,0.096,蔬菜,生菜,2.98,-0.267,3.27
,,,,,,,,,,,,,,2021/4/6,-0.008,蔬菜,大白菜,2.13,-0.25,2.12
,,,,,,,,,,,,,,2021/4/6,-0.004,蔬菜,菠菜,5.13,-0.192,5.11
,,,,,,,,,,,,,,2021/4/6,-0.142,蔬菜,椰菜,2.54,-0.074,2.18
,,,,,,,,,,,,,,2021/5/23,-0.03,蔬菜,蔬菜均价,3.84,-0.152,3.73
,,,,,,,,,,,,,,2021/5/23,-0.007,蔬菜,其中：青椒,5.25,-0.188,5.21
,,,,,,,,,,,,,,2021/5/23,-0.033,蔬菜,黄瓜,3.5,-0.049,3.39
,,,,,,,,,,,,,,2021/5/23,-0.013,蔬菜,西红柿,3.53,-0.221,3.48
,,,,,,,,,,,,,,2021/5/23,-0.097,蔬菜,茄子,3.68,-0.153,3.32
,,,,,,,,,,,,,,2021/5/23,-0.027,蔬菜,萝卜,1.91,-0.016,1.86
,,,,,,,,,,,,,,2021/5/23,0.084,蔬菜,土豆,2.59,-0.245,2.81
,,,,,,,,,,,,,,2021/5/23,0.023,蔬菜,芹菜,4.28,-0.275,4.38
,,,,,,,,,,,,,,2021/5/23,0.103,蔬菜,菜心,4.76,0.001,5.25
,,,,,,,,,,,,,,2021/5/23,-0.008,蔬菜,生菜,3.27,-0.249,3.24
,,,,,,,,,,,,,,2021/5/23,0.012,蔬菜,大白菜,2.12,-0.189,2.14
,,,,,,,,,,,,,,2021/5/23,0.048,蔬菜,菠菜,5.11,-0.099,5.36
,,,,,,,,,,,,,,2021/5/23,0.052,蔬菜,椰菜,2.18,0.045,2.29
,,,,,,,,,,,,,,2021/7/4,-0.031,蔬菜,南瓜,2.36,0.014,2.29
,,,,,,,,,,,,,,2021/7/4,0.159,蔬菜,莲藕,6.66,0.139,7.71
,,,,,,,,,,,,,,2021/7/4,0.178,蔬菜,奶白菜,4.58,0.034,5.4
,,,,,,,,,,,,,,2021/7/4,-0.034,蔬菜,苦瓜,4.34,-0.13,4.19
,,,,,,,,,,,,,,2021/7/4,0.028,蔬菜,生姜,8.17,-0.009,8.4
,,,,,,,,,,,,,,2021/7/4,0.038,蔬菜,蒜头,5.9,0.039,6.13
,,,,,,,,,,,,,,2021/7/4,0.058,蔬菜,大白菜,2.14,-0.189,2.27
,,,,,,,,,,,,,,2021/7/4,0.004,蔬菜,卷心菜,2.29,-0.027,2.3
,,,,,,,,,,,,,,2021/7/4,0.242,蔬菜,菠菜,5.36,-0.037,6.65
,,,,,,,,,,,,,,2021/7/4,0.066,蔬菜,上海青,3.17,-0.205,3.38
,,,,,,,,,,,,,,2021/7/4,0.163,蔬菜,芹菜,4.38,-0.285,5.1
,,,,,,,,,,,,,,2021/7/4,-0.11,蔬菜,韭菜,4.43,-0.173,3.94
,,,,,,,,,,,,,,2021/7/4,-0.08,蔬菜,油麦菜,3.79,-0.104,3.49
,,,,,,,,,,,,,,2021/7/4,0.007,蔬菜,菜心,5.25,-0.098,5.29
,,,,,,,,,,,,,,2021/7/4,0.114,蔬菜,生菜,3.24,-0.215,3.61
,,,,,,,,,,,,,,2021/7/4,0.118,蔬菜,蒜苗,6.37,0.083,7.11
,,,,,,,,,,,,,,2021/7/4,-0.037,蔬菜,冬瓜,2.04,-0.039,1.96
,,,,,,,,,,,,,,2021/7/4,-0.068,蔬菜,黄瓜,3.39,-0.17,3.16
,,,,,,,,,,,,,,2021/7/4,0.161,蔬菜,西红柿,3.48,-0.079,4.04
,,,,,,,,,,,,,,2021/7/4,-0.037,蔬菜,茄子,3.32,-0.215,3.2
,,,,,,,,,,,,,,2021/7/4,0.051,蔬菜,白萝卜,1.86,-0.096,1.95
,,,,,,,,,,,,,,2021/7/4,-0.071,蔬菜,胡萝卜,3.16,-0.142,2.94
,,,,,,,,,,,,,,2021/7/4,0.062,蔬菜,尖椒,4.13,-0.103,4.39
,,,,,,,,,,,,,,2021/7/4,0.034,蔬菜,青圆椒,5.21,-0.152,5.39
,,,,,,,,,,,,,,2021/7/4,-0.003,蔬菜,豆角,5.74,0.027,5.72
,,,,,,,,,,,,,,2021/7/4,0.143,蔬菜,白花菜,4.75,-0.028,5.42
,,,,,,,,,,,,,,2021/7/4,-0.013,蔬菜,土豆,2.81,-0.115,2.77
,,,,,,,,,,,,,,2021/7/4,0.006,蔬菜,西芹,5.04,-0.059,5.07
,,,,,,,,,,,,,,2021/7/4,-0.106,蔬菜,丝瓜,5.09,-0.156,4.55
,,,,,,,,,,,,,,2021/7/4,0.009,蔬菜,莴笋,3.54,-0.156,3.57
,,,,,,,,,,,,,,2021/7/4,0.198,蔬菜,西洋菜,4.66,-0.035,5.58
,,,,,,,,,,,,,,2021/7/4,-0.06,蔬菜,芥菜,4.17,-0.098,3.92
,,,,,,,,,,,,,,2021/7/4,-0.08,蔬菜,通心菜,3.69,-0.131,3.4
,,,,,,,,,,,,,,2021/7/4,-0.146,蔬菜,芥兰,6.21,-0.103,5.3
,,,,,,,,,,,,,,2021/7/4,0.005,蔬菜,生姜,8.4,-0.12,8.44
,,,,,,,,,,,,,,2021/7/4,0.011,蔬菜,蒜头,6.13,0.1,6.19
,,,,,,,,,,,,,,2021/7/4,0.07,蔬菜,大白菜,2.27,-0.192,2.42
,,,,,,,,,,,,,,2021/7/4,0.018,蔬菜,卷心菜,2.3,-0.082,2.34
,,,,,,,,,,,,,,2021/7/4,0.004,蔬菜,菠菜,6.65,-0.167,6.68
,,,,,,,,,,,,,,2021/7/4,0.023,蔬菜,上海青,3.38,-0.233,3.46
,,,,,,,,,,,,,,2021/7/4,0.138,蔬菜,芹菜,5.1,-0.221,5.8
,,,,,,,,,,,,,,2021/7/4,0.041,蔬菜,韭菜,3.94,-0.164,4.1
,,,,,,,,,,,,,,2021/7/4,0.045,蔬菜,油麦菜,3.49,-0.109,3.65
,,,,,,,,,,,,,,2021/7/4,-0.032,蔬菜,菜心,5.29,-0.074,5.12
,,,,,,,,,,,,,,2021/7/4,0.161,蔬菜,生菜,3.61,-0.233,4.2
,,,,,,,,,,,,,,2021/7/4,0.033,蔬菜,蒜苗,7.11,0.083,7.35
,,,,,,,,,,,,,,2021/7/4,-0.089,蔬菜,冬瓜,1.96,-0.153,1.79
,,,,,,,,,,,,,,2021/7/4,0.036,蔬菜,黄瓜,3.16,-0.17,3.27
,,,,,,,,,,,,,,2021/7/4,-0.038,蔬菜,西红柿,4.04,-0.196,3.89
,,,,,,,,,,,,,,2021/7/4,-0.053,蔬菜,茄子,3.2,-0.183,3.03
,,,,,,,,,,,,,,2021/7/4,0.083,蔬菜,白萝卜,1.95,-0.213,2.11
,,,,,,,,,,,,,,2021/7/4,-0.045,蔬菜,胡萝卜,2.94,-0.171,2.81
,,,,,,,,,,,,,,2021/7/4,-0.052,蔬菜,尖椒,4.39,-0.201,4.16
,,,,,,,,,,,,,,2021/7/4,0.015,蔬菜,青圆椒,5.39,-0.091,5.47
,,,,,,,,,,,,,,2021/7/4,-0.029,蔬菜,豆角,5.72,0.061,5.55
,,,,,,,,,,,,,,2021/7/4,-0.025,蔬菜,白花菜,5.42,0.023,5.29
,,,,,,,,,,,,,,2021/7/4,-0.1,蔬菜,土豆,2.77,-0.217,2.5
,,,,,,,,,,,,,,2021/7/4,-0.021,蔬菜,西芹,5.07,-0.124,4.97
,,,,,,,,,,,,,,2021/7/4,0.024,蔬菜,丝瓜,4.55,-0.045,4.66
,,,,,,,,,,,,,,2021/7/4,0.048,蔬菜,莴笋,3.57,-0.247,3.75
,,,,,,,,,,,,,,2021/7/4,0.029,蔬菜,西洋菜,5.58,-0.102,5.74
,,,,,,,,,,,,,,2021/7/4,0.089,蔬菜,芥菜,3.92,-0.153,4.26
,,,,,,,,,,,,,,2021/7/4,0.007,蔬菜,通心菜,3.4,-0.038,3.42
,,,,,,,,,,,,,,2021/7/4,0.092,蔬菜,芥兰,5.3,0.037,5.79
,,,,,,,,,,,,,,2021/7/4,-0.03,蔬菜,南瓜,2.29,0.042,2.22
,,,,,,,,,,,,,,2021/7/4,-0.089,蔬菜,莲藕,7.71,0.035,7.03
,,,,,,,,,,,,,,2021/7/4,-0.043,蔬菜,奶白菜,5.4,-0.041,5.17
,,,,,,,,,,,,,,2021/7/4,0.009,蔬菜,苦瓜,4.19,-0.028,4.23
